<?xml version="1.0" ?><job><property name="user.input.dir"><string>/Users/robwill/repos/report-generator-doc/src/en</string></property><property name="transtypes"><string>webhelp-responsive;pdf;exportmap;pdf2;pdf-css-html5;pdf-css-html5-single-topic;webhelpCommons;html5;webhelp-responsive-preprocess2;resx-props;synopsyspdf;sig-html5;sig-html5-1file;sig-pdf;sig-webhelp;xhtml;eclipsehelp;htmlhelp;dita;markdown;markdown_github;markdown_gitbook</string></property><property name="plugin.com.oxygenxml.webhelp.common.dir"><string>plugins/com.oxygenxml.webhelp.common</string></property><property name="parser.md"><string>com.elovirta.dita.markdown.MarkdownReader</string></property><property name="plugin.org.dita.specialization.dita11.dir"><string>plugins/org.dita.specialization.dita11</string></property><property name="crawl"><string>topic</string></property><property name="plugin.com.synopsys.sig.docs.doctypes.dir"><string>plugins/com.synopsys.sig.docs.doctypes</string></property><property name="dita.input.valfile"><string>/Users/robwill/repos/report-generator-doc/src/en/temp/sig-pdf/oxygen_dita_temp/ditaot.generated.ditaval</string></property><property name="plugin.com.oxygenxml.pdf.custom.dir"><string>plugins/com.oxygenxml.pdf.custom</string></property><property name="parser.hdita"><string>com.elovirta.dita.html.HDitaReader</string></property><property name="cli.color"><string>true</string></property><property name="user.input.file"><string>881c97488f918b13752ee1cb33a695b0e4eefc43.ditamap</string></property><property name="plugin.org.dita.pdf2.dir"><string>plugins/org.dita.pdf2</string></property><property name="print_transtypes"><string>pdf-css-html5;pdf;pdf2;resx-props;pdf-css-html5-single-topic;synopsyspdf;sig-pdf</string></property><property name="onlytopicinmap"><string>false</string></property><property name="supported_resource_extensions"><string>.pdf;.swf</string></property><property name="plugin.org.dita.xhtml.dir"><string>plugins/org.dita.xhtml</string></property><property name="plugin.com.oxygenxml.common.dir"><string>plugins/com.oxygenxml.common</string></property><property name="plugin.org.dita.index.dir"><string>plugins/org.dita.index</string></property><property name="plugin.com.oxygenxml.pdf.review.dir"><string>plugins/com.oxygenxml.pdf.review</string></property><property name="plugin.com.synopsys.cov.resx.dir"><string>plugins/com.synopsys.cov.resx</string></property><property name="relflagimagelist"><string></string></property><property name="supported_html_extensions"><string>.html;.htm</string></property><property name="plugin.order"><string>org.dita.base org.oasis-open.dita.v1_3 org.oasis-open.dita.v1_2</string></property><property name="otrelease"><string>3.5</string></property><property name="supported_image_extensions"><string>.gif;.svg;.bmp;.jpg;.tif;.eps;.jpeg;.png;.tiff</string></property><property name="plugin.com.oxygenxml.pdf.css.dir"><string>plugins/com.oxygenxml.pdf.css</string></property><property name="InputMapDir"><string>/Users/robwill/repos/report-generator-doc/src/en/bm_reporting_platform_doc.ditamap</string></property><property name="org.dita.pdf2.i18n.enabled"><string>true</string></property><property name="plugin.com.synopsys.sig.docs.sig-html5.dir"><string>plugins/com.synopsys.sig.docs.sig-html5</string></property><property name="user.input.dir.uri"><string>file:/Users/robwill/repos/report-generator-doc/src/en/</string></property><property name="plugin.org.dita.html5.dir"><string>plugins/org.dita.html5</string></property><property name="generatecopyouter"><string>NOT_GENERATEOUTTER</string></property><property name="default.cascade"><string>merge</string></property><property name="plugin.org.oasis-open.xdita.v0_2_2.dir"><string>plugins/org.oasis-open.xdita.v0_2_2</string></property><property name="plugin.org.dita.eclipsehelp.dir"><string>plugins/org.dita.eclipsehelp</string></property><property name="outputdir"><string>/Users/robwill/repos/report-generator-doc/src/en/out/sig-pdf</string></property><property name="plugin.com.synopsys.sig.docs.sig-pdf.dir"><string>plugins/com.synopsys.sig.docs.sig-pdf</string></property><property name="plugin.org.dita.htmlhelp.dir"><string>plugins/org.dita.htmlhelp</string></property><property name="temp-file-name-scheme"><string>org.dita.dost.module.reader.HashTempFileScheme</string></property><property name="plugin.com.synopsys.pdf.dir"><string>plugins/com.synopsys.pdf</string></property><property name="plugin.org.dita.base.dir"><string>plugins/org.dita.base</string></property><property name="plugin.com.oxygenxml.editlink.dir"><string>plugins/com.oxygenxml.editlink</string></property><property name="plugin.com.synopsys.sig.docs.sig-html5-1file.dir"><string>plugins/com.synopsys.sig.docs.sig-html5-1file</string></property><property name="plugindirs"><string>plugins;demo</string></property><property name="parser.mdita"><string>com.elovirta.dita.markdown.MDitaReader</string></property><property name="user.input.file.listfile"><string>usr.input.file.list</string></property><property name="plugin.ignores"><string></string></property><property name="outercontrol"><string>WARN</string></property><property name="plugin.com.synopsys.sig.docs.sig-webhelp.dir"><string>plugins/com.synopsys.sig.docs.sig-webhelp</string></property><property name="relflagimagefile"><string>relflagimage.list</string></property><property name="plugin.com.zoominsoftware.swagger.dir"><string>plugins/com.zoominsoftware.swagger</string></property><property name="user.input.file.uri"><string>881c97488f918b13752ee1cb33a695b0e4eefc43.ditamap</string></property><property name="plugin.com.oxygenxml.highlight.dir"><string>plugins/com.oxygenxml.highlight</string></property><property name="registry"><string>https://plugins.dita-ot.org/</string></property><property name="plugin.org.dita.normalize.dir"><string>plugins/org.dita.normalize</string></property><property name="plugin.org.dita.pdf2.axf.dir"><string>plugins/org.dita.pdf2.axf</string></property><property name="plugin.org.oasis-open.dita.v1_2.dir"><string>plugins/org.oasis-open.dita.v1_2</string></property><property name="plugin.org.oasis-open.dita.techcomm.v2_0.dir"><string>plugins/org.oasis-open.dita.techcomm.v2_0</string></property><property name="InputMapDir.uri"><string>file:/Users/robwill/repos/report-generator-doc/src/en/bm_reporting_platform_doc.ditamap</string></property><property name="plugin.com.oxygenxml.export.map.dir"><string>plugins/com.oxygenxml.export.map</string></property><property name="plugin.com.oxygenxml.html.embed.dir"><string>plugins/com.oxygenxml.html.embed</string></property><property name="plugin.org.dita.pdf2.fop.dir"><string>plugins/org.dita.pdf2.fop</string></property><property name="plugin.org.lwdita.dir"><string>plugins/org.lwdita</string></property><property name="plugin.org.dita.pdf2.xep.dir"><string>plugins/org.dita.pdf2.xep</string></property><property name="tempdirToinputmapdir.relative.value"><string></string></property><property name="plugin.com.oxygenxml.webhelp.responsive.dir"><string>plugins/com.oxygenxml.webhelp.responsive</string></property><property name="plugin.org.oasis-open.dita.v2_0.dir"><string>plugins/org.oasis-open.dita.v2_0</string></property><property name="otversion"><string>3.5.4</string></property><property name="plugin.org.oasis-open.dita.v1_3.dir"><string>plugins/org.oasis-open.dita.v1_3</string></property><property name="parser.markdown"><string>com.elovirta.dita.markdown.MarkdownReader</string></property><property name="uplevels"><string></string></property><files><file src="file:/Users/robwill/repos/report-generator-doc/src/en/topics/t_rp_maintain_agent.dita" uri="e4aad1389a45e6d7504b1ed0b5d72bf43cf44325.dita" path="e4aad1389a45e6d7504b1ed0b5d72bf43cf44325.dita" result="file:/Users/robwill/repos/report-generator-doc/src/en/topics/t_rp_maintain_agent.dita" format="dita" has-link="true" target="true"></file><file src="file:/Users/robwill/repos/report-generator-doc/src/en/assets/images/rp_portfolio_button_setting.png" uri="65568cb9c88fade10b965df1effdb2cc38741358.png" path="65568cb9c88fade10b965df1effdb2cc38741358.png" result="file:/Users/robwill/repos/report-generator-doc/src/en/assets/images/rp_portfolio_button_setting.png" format="image"></file><file src="file:/Users/robwill/repos/report-generator-doc/src/en/m_glossary.ditamap" uri="5f60edc715c6ef3db80509785e7304d19c420009.ditamap" path="5f60edc715c6ef3db80509785e7304d19c420009.ditamap" result="file:/Users/robwill/repos/report-generator-doc/src/en/m_glossary.ditamap" format="ditamap"></file><file src="file:/Users/robwill/repos/report-generator-doc/src/en/m_relnotes.ditamap" uri="afe0b867560212ed0454fa3043e693bbea93a3d5.ditamap" path="afe0b867560212ed0454fa3043e693bbea93a3d5.ditamap" result="file:/Users/robwill/repos/report-generator-doc/src/en/m_relnotes.ditamap" format="ditamap"></file><file src="file:/Users/robwill/repos/report-generator-doc/src/en/bm_reporting_platform_doc.ditamap" uri="881c97488f918b13752ee1cb33a695b0e4eefc43.ditamap" path="881c97488f918b13752ee1cb33a695b0e4eefc43.ditamap" result="file:/Users/robwill/repos/report-generator-doc/src/en/bm_reporting_platform_doc.ditamap" format="ditamap" input="true"></file><file src="file:/Users/robwill/repos/report-generator-doc/src/en/assets/images/rp_application_issue_filter.png" uri="3aa75fb12786163bf3c1487478f0e79fd564aaa8.png" path="3aa75fb12786163bf3c1487478f0e79fd564aaa8.png" result="file:/Users/robwill/repos/report-generator-doc/src/en/assets/images/rp_application_issue_filter.png" format="image"></file><file src="file:/Users/robwill/repos/report-generator-doc/src/en/topics/t_rp_mng_appmembers.dita" uri="167f04856ef6619eeae33d581ae8f12e083941e6.dita" path="167f04856ef6619eeae33d581ae8f12e083941e6.dita" result="file:/Users/robwill/repos/report-generator-doc/src/en/topics/t_rp_mng_appmembers.dita" format="dita" target="true"></file><file src="file:/Users/robwill/repos/report-generator-doc/src/en/topics/t_rp_agent_create.dita" uri="3a175bbda17f68d977ee04c4be11fb667b204d94.dita" path="3a175bbda17f68d977ee04c4be11fb667b204d94.dita" result="file:/Users/robwill/repos/report-generator-doc/src/en/topics/t_rp_agent_create.dita" format="dita" has-link="true" target="true"></file><file src="file:/Users/robwill/repos/report-generator-doc/src/en/m_user_guide.ditamap" uri="b0ba9a6c20fcad2e2e9b3fcf937e0274f9321a73.ditamap" path="b0ba9a6c20fcad2e2e9b3fcf937e0274f9321a73.ditamap" result="file:/Users/robwill/repos/report-generator-doc/src/en/m_user_guide.ditamap" format="ditamap"></file><file src="file:/Users/robwill/repos/report-generator-doc/src/en/topics/g_reportagent.dita" uri="471b6c0fecc384451988715e6a3974b06c23fdfc.dita" path="471b6c0fecc384451988715e6a3974b06c23fdfc.dita" result="file:/Users/robwill/repos/report-generator-doc/src/en/topics/g_reportagent.dita" format="dita" has-keyref="true" target="true"></file><file src="file:/Users/robwill/repos/report-generator-doc/src/en/assets/images/rp_create_application_results_sub-project_chosen.png" uri="6aff5b49a9b503c0f6c26ec281760d4d74b5f58b.png" path="6aff5b49a9b503c0f6c26ec281760d4d74b5f58b.png" result="file:/Users/robwill/repos/report-generator-doc/src/en/assets/images/rp_create_application_results_sub-project_chosen.png" format="image"></file><file src="file:/Users/robwill/repos/report-generator-doc/src/en/topics/t_rp_app_configure.dita" uri="e05da3cba04b4c417322d83bf94cd744742976f5.dita" path="e05da3cba04b4c417322d83bf94cd744742976f5.dita" result="file:/Users/robwill/repos/report-generator-doc/src/en/topics/t_rp_app_configure.dita" format="dita" has-keyref="true" target="true"></file><file src="file:/Users/robwill/repos/report-generator-doc/src/en/m_intro.ditamap" uri="c29c172b2b25f71522eea877742b5b6536c9c6e8.ditamap" path="c29c172b2b25f71522eea877742b5b6536c9c6e8.ditamap" result="file:/Users/robwill/repos/report-generator-doc/src/en/m_intro.ditamap" format="ditamap"></file><file src="file:/Users/robwill/repos/report-generator-doc/src/en/topics/c_rp_report_details_severity.dita" uri="83604acc3174db8fb0ad26a659f35b86f19a5cb2.dita" path="83604acc3174db8fb0ad26a659f35b86f19a5cb2.dita" result="file:/Users/robwill/repos/report-generator-doc/src/en/topics/c_rp_report_details_severity.dita" format="dita" has-link="true" target="true"></file><file src="file:/Users/robwill/repos/report-generator-doc/src/en/vars/m_keywords_map.ditamap" uri="383ce56ece42f35d82c6e1a225db5d06b448b8b2.ditamap" path="383ce56ece42f35d82c6e1a225db5d06b448b8b2.ditamap" result="file:/Users/robwill/repos/report-generator-doc/src/en/vars/m_keywords_map.ditamap" format="ditamap"></file><file src="file:/Users/robwill/repos/report-generator-doc/src/en/topics/t_export-issues.dita" uri="3c632395b1f93cfbef24ce975afec5e0d7b64ad2.dita" path="3c632395b1f93cfbef24ce975afec5e0d7b64ad2.dita" result="file:/Users/robwill/repos/report-generator-doc/src/en/topics/t_export-issues.dita" format="dita" has-link="true" target="true"></file><file src="file:/Users/robwill/repos/report-generator-doc/src/en/topics/t_rp_sslcert_dbconn.dita" uri="ae3b1836b8cb0aaebc807b239444c6e05684437f.dita" path="ae3b1836b8cb0aaebc807b239444c6e05684437f.dita" result="file:/Users/robwill/repos/report-generator-doc/src/en/topics/t_rp_sslcert_dbconn.dita" format="dita" target="true"></file><file src="file:/Users/robwill/repos/report-generator-doc/src/en/topics/t_rp_upgrade_agent.dita" uri="156eab0abc9c8f2610d87d5b6483a0c4f6c17a06.dita" path="156eab0abc9c8f2610d87d5b6483a0c4f6c17a06.dita" result="file:/Users/robwill/repos/report-generator-doc/src/en/topics/t_rp_upgrade_agent.dita" format="dita" has-link="true" target="true"></file><file src="file:/Users/robwill/repos/report-generator-doc/src/en/assets/images/rp_app_details_section_trend.png" uri="a044cd330dbc1adab361b1b0a8e252860c286cce.png" path="a044cd330dbc1adab361b1b0a8e252860c286cce.png" result="file:/Users/robwill/repos/report-generator-doc/src/en/assets/images/rp_app_details_section_trend.png" format="image"></file><file src="file:/Users/robwill/repos/report-generator-doc/src/en/assets/images/rp_create_application_chooser_field.png" uri="1e8c5e3137a460930431195c073b5db8126085cb.png" path="1e8c5e3137a460930431195c073b5db8126085cb.png" result="file:/Users/robwill/repos/report-generator-doc/src/en/assets/images/rp_create_application_chooser_field.png" format="image"></file><file src="file:/Users/robwill/repos/report-generator-doc/src/en/topics/r_rp_sev_stat_mapping.dita" uri="2bb9d1a318b2451e2cf560b3b26b089f33ed193d.dita" path="2bb9d1a318b2451e2cf560b3b26b089f33ed193d.dita" result="file:/Users/robwill/repos/report-generator-doc/src/en/topics/r_rp_sev_stat_mapping.dita" format="dita" has-keyref="true" target="true"></file><file src="file:/Users/robwill/repos/report-generator-doc/src/en/assets/images/rp_home_screen.png" uri="7e6998a9e3cb767cf0d5ec9155250e62b1ad7be0.png" path="7e6998a9e3cb767cf0d5ec9155250e62b1ad7be0.png" result="file:/Users/robwill/repos/report-generator-doc/src/en/assets/images/rp_home_screen.png" format="image"></file><file src="file:/Users/robwill/repos/report-generator-doc/src/en/topics/t_rp_app_edit_props.dita" uri="c9271096d54ede98f7ab2d3a0958dc49d0596bdc.dita" path="c9271096d54ede98f7ab2d3a0958dc49d0596bdc.dita" result="file:/Users/robwill/repos/report-generator-doc/src/en/topics/t_rp_app_edit_props.dita" format="dita" has-link="true" target="true"></file><file src="file:/Users/robwill/repos/report-generator-doc/src/en/assets/images/rp_agent_token_generate.png" uri="94d6983d4236ce8369c4dc1b0d6318d669655138.png" path="94d6983d4236ce8369c4dc1b0d6318d669655138.png" result="file:/Users/robwill/repos/report-generator-doc/src/en/assets/images/rp_agent_token_generate.png" format="image"></file><file src="file:/Users/robwill/repos/report-generator-doc/src/en/topics/c_rp_tools.dita" uri="18f6b5a636678f97a484775d156547eeee326ee2.dita" path="18f6b5a636678f97a484775d156547eeee326ee2.dita" result="file:/Users/robwill/repos/report-generator-doc/src/en/topics/c_rp_tools.dita" format="dita" has-keyref="true" has-link="true" target="true"></file><file src="file:/Users/robwill/repos/report-generator-doc/src/en/topics/c_rp_viewing_results.dita" uri="1f0d74fbc3bc86c76f9d5f59b05abe7dd9994cc2.dita" path="1f0d74fbc3bc86c76f9d5f59b05abe7dd9994cc2.dita" result="file:/Users/robwill/repos/report-generator-doc/src/en/topics/c_rp_viewing_results.dita" format="dita" has-keyref="true" has-link="true" target="true"></file><file src="file:/Users/robwill/repos/report-generator-doc/src/en/topics/t_rp_cfg_seeker.dita" uri="6be2a738bac1292b506717168ebe36dba412dd44.dita" path="6be2a738bac1292b506717168ebe36dba412dd44.dita" result="file:/Users/robwill/repos/report-generator-doc/src/en/topics/t_rp_cfg_seeker.dita" format="dita" target="true"></file><file src="file:/Users/robwill/repos/report-generator-doc/src/en/assets/images/rp_agent_download.png" uri="4d6bb9284525acb78928861bab46c52f502868b7.png" path="4d6bb9284525acb78928861bab46c52f502868b7.png" result="file:/Users/robwill/repos/report-generator-doc/src/en/assets/images/rp_agent_download.png" format="image"></file><file src="file:/Users/robwill/repos/report-generator-doc/src/en/topics/c_rp_report_details_tools.dita" uri="a711741055b960c970f5a47d5a5850485da6f767.dita" path="a711741055b960c970f5a47d5a5850485da6f767.dita" result="file:/Users/robwill/repos/report-generator-doc/src/en/topics/c_rp_report_details_tools.dita" format="dita" target="true"></file><file src="file:/Users/robwill/repos/report-generator-doc/src/en/topics/g_risk_portfolio.dita" uri="caa4d08dc515c918629fb9d93242e545e5518397.dita" path="caa4d08dc515c918629fb9d93242e545e5518397.dita" result="file:/Users/robwill/repos/report-generator-doc/src/en/topics/g_risk_portfolio.dita" format="dita" has-keyref="true" target="true"></file><file src="file:/Users/robwill/repos/report-generator-doc/src/en/topics/t_rp_apis.dita" uri="e41ec3323a84a248151f4ccbabc7f2df7dc0c11f.dita" path="e41ec3323a84a248151f4ccbabc7f2df7dc0c11f.dita" result="file:/Users/robwill/repos/report-generator-doc/src/en/topics/t_rp_apis.dita" format="dita" has-keyref="true" target="true"></file><file src="file:/Users/robwill/repos/report-generator-doc/src/en/topics/g_analysistool.dita" uri="ae2bfab1b48ab4661683dc9d4f04dfa150112ade.dita" path="ae2bfab1b48ab4661683dc9d4f04dfa150112ade.dita" result="file:/Users/robwill/repos/report-generator-doc/src/en/topics/g_analysistool.dita" format="dita" has-keyref="true" target="true"></file><file src="file:/Users/robwill/repos/report-generator-doc/src/en/topics/t_rp_setup_apps.dita" uri="b023552bd5d1f9583bd90bbe35807362d4793dea.dita" path="b023552bd5d1f9583bd90bbe35807362d4793dea.dita" result="file:/Users/robwill/repos/report-generator-doc/src/en/topics/t_rp_setup_apps.dita" format="dita" has-keyref="true" has-link="true" target="true"></file><file src="file:/Users/robwill/repos/report-generator-doc/src/en/topics/t_rp_agent_install.dita" uri="69aaea07a55f59463064113ee0874b64f0cdb875.dita" path="69aaea07a55f59463064113ee0874b64f0cdb875.dita" result="file:/Users/robwill/repos/report-generator-doc/src/en/topics/t_rp_agent_install.dita" format="dita" target="true"></file><file src="file:/Users/robwill/repos/report-generator-doc/src/en/assets/images/rp_create_application_bytool.png" uri="9d7d022a350f422ab56acbcb4b8203c2df4000af.png" path="9d7d022a350f422ab56acbcb4b8203c2df4000af.png" result="file:/Users/robwill/repos/report-generator-doc/src/en/assets/images/rp_create_application_bytool.png" format="image"></file><file src="file:/Users/robwill/repos/report-generator-doc/src/en/topics/g_risk_profile.dita" uri="e0a2fb4dfcd391f297e0473a7ca0fedf42dd5b83.dita" path="e0a2fb4dfcd391f297e0473a7ca0fedf42dd5b83.dita" result="file:/Users/robwill/repos/report-generator-doc/src/en/topics/g_risk_profile.dita" format="dita" has-keyref="true" target="true"></file><file src="file:/Users/robwill/repos/report-generator-doc/src/en/assets/images/rp_architecture.png" uri="73b0b57405947cb6ff48805fe442e388db69488e.png" path="73b0b57405947cb6ff48805fe442e388db69488e.png" result="file:/Users/robwill/repos/report-generator-doc/src/en/assets/images/rp_architecture.png" format="image"></file><file src="file:/Users/robwill/repos/report-generator-doc/src/en/topics/c_name.dita" uri="fa7f7f6c9e2dd797b3cd36fe7c498c9d8d2eb3c6.dita" path="fa7f7f6c9e2dd797b3cd36fe7c498c9d8d2eb3c6.dita" result="file:/Users/robwill/repos/report-generator-doc/src/en/topics/c_name.dita" format="dita" target="true"></file><file src="file:/Users/robwill/repos/report-generator-doc/src/en/topics/c_rp_report_details.dita" uri="945af6ccff402bec7d248f5d755f3990285f3de2.dita" path="945af6ccff402bec7d248f5d755f3990285f3de2.dita" result="file:/Users/robwill/repos/report-generator-doc/src/en/topics/c_rp_report_details.dita" format="dita" has-link="true" target="true"></file><file src="file:/Users/robwill/repos/report-generator-doc/src/en/topics/c_rp_report_details_categories.dita" uri="9012989b69c7409281712a152c8b12e1a4e3dc98.dita" path="9012989b69c7409281712a152c8b12e1a4e3dc98.dita" result="file:/Users/robwill/repos/report-generator-doc/src/en/topics/c_rp_report_details_categories.dita" format="dita" has-link="true" target="true"></file><file src="file:/Users/robwill/repos/report-generator-doc/src/en/topics/t_rp_app_props_local.dita" uri="bc596c1f3c20c8c808c225b3eda47cc7075bafdf.dita" path="bc596c1f3c20c8c808c225b3eda47cc7075bafdf.dita" result="file:/Users/robwill/repos/report-generator-doc/src/en/topics/t_rp_app_props_local.dita" format="dita" has-keyref="true" has-link="true" target="true"></file><file src="file:/Users/robwill/repos/report-generator-doc/src/en/topics/t_rp_cfg_msp.dita" uri="d5e68f62eb19ac790e73c6dec48d954fa2ca16ad.dita" path="d5e68f62eb19ac790e73c6dec48d954fa2ca16ad.dita" result="file:/Users/robwill/repos/report-generator-doc/src/en/topics/t_rp_cfg_msp.dita" format="dita" target="true"></file><file src="file:/Users/robwill/repos/report-generator-doc/src/en/topics/c_rp_report_details_trend.dita" uri="43d6e2d4b046a0dbc459d7b646902b15369df210.dita" path="43d6e2d4b046a0dbc459d7b646902b15369df210.dita" result="file:/Users/robwill/repos/report-generator-doc/src/en/topics/c_rp_report_details_trend.dita" format="dita" has-link="true" target="true"></file><file src="file:/Users/robwill/repos/report-generator-doc/src/en/classification.xml" uri="e5e522b19611be4878b586db79c340b25b2e1d49.xml" path="e5e522b19611be4878b586db79c340b25b2e1d49.xml" result="file:/Users/robwill/repos/report-generator-doc/src/en/classification.xml" format="xml" resource-only="true"></file><file src="file:/Users/robwill/repos/report-generator-doc/src/en/topics/c_relnotes.dita" uri="7203107651bfde4aeec65ee2618c34fc3c5b7f18.dita" path="7203107651bfde4aeec65ee2618c34fc3c5b7f18.dita" result="file:/Users/robwill/repos/report-generator-doc/src/en/topics/c_relnotes.dita" format="dita" target="true"></file><file src="file:/Users/robwill/repos/report-generator-doc/src/en/topics/t_rp_app_create_by_search.dita" uri="75f6f846c31a218b81aab352d3a67acdeed56156.dita" path="75f6f846c31a218b81aab352d3a67acdeed56156.dita" result="file:/Users/robwill/repos/report-generator-doc/src/en/topics/t_rp_app_create_by_search.dita" format="dita" has-link="true" target="true"></file><file src="file:/Users/robwill/repos/report-generator-doc/src/en/topics/c_rp_interface.dita" uri="c23ee3e8d590b110397d259988954a42780f5127.dita" path="c23ee3e8d590b110397d259988954a42780f5127.dita" result="file:/Users/robwill/repos/report-generator-doc/src/en/topics/c_rp_interface.dita" format="dita" has-keyref="true" has-link="true" target="true"></file><file src="file:/Users/robwill/repos/report-generator-doc/src/en/topics/g_report.dita" uri="1052fa0d32a94cb8eb484c49a52febdb89f611b8.dita" path="1052fa0d32a94cb8eb484c49a52febdb89f611b8.dita" result="file:/Users/robwill/repos/report-generator-doc/src/en/topics/g_report.dita" format="dita" has-keyref="true" target="true"></file><file src="file:/Users/robwill/repos/report-generator-doc/src/en/topics/t_rp_app_remove.dita" uri="42bac2151ded4c2e03640620a58cac6818cfed17.dita" path="42bac2151ded4c2e03640620a58cac6818cfed17.dita" result="file:/Users/robwill/repos/report-generator-doc/src/en/topics/t_rp_app_remove.dita" format="dita" has-link="true" target="true"></file><file src="file:/Users/robwill/repos/report-generator-doc/src/en/topics/r_rp_us_apis_pushdata.dita" uri="87f9faa0368c5fe3a56a94ea3d8f90bf230910dd.dita" path="87f9faa0368c5fe3a56a94ea3d8f90bf230910dd.dita" result="file:/Users/robwill/repos/report-generator-doc/src/en/topics/r_rp_us_apis_pushdata.dita" format="dita" has-keyref="true" has-link="true" target="true"></file><file src="file:/Users/robwill/repos/report-generator-doc/src/en/assets/images/rp_create_application_chooser_field_pop-up.png" uri="901fc415210399bc1a052afcb3013ecf15ee3e7d.png" path="901fc415210399bc1a052afcb3013ecf15ee3e7d.png" result="file:/Users/robwill/repos/report-generator-doc/src/en/assets/images/rp_create_application_chooser_field_pop-up.png" format="image"></file><file src="file:/Users/robwill/repos/report-generator-doc/src/en/topics/t_rp_app_create.dita" uri="865e968da0b489a4cefc897945c6edd6aac175aa.dita" path="865e968da0b489a4cefc897945c6edd6aac175aa.dita" result="file:/Users/robwill/repos/report-generator-doc/src/en/topics/t_rp_app_create.dita" format="dita" has-link="true" target="true"></file><file src="file:/Users/robwill/repos/report-generator-doc/src/en/topics/g_issue.dita" uri="cd0ad5c57e76db22356b36fd0d202836a0b77321.dita" path="cd0ad5c57e76db22356b36fd0d202836a0b77321.dita" result="file:/Users/robwill/repos/report-generator-doc/src/en/topics/g_issue.dita" format="dita" has-keyref="true" target="true"></file><file src="file:/Users/robwill/repos/report-generator-doc/src/en/m_admin.ditamap" uri="cd3a9d406fca30ed3f85b5688c9d5bdaacedfbf0.ditamap" path="cd3a9d406fca30ed3f85b5688c9d5bdaacedfbf0.ditamap" result="file:/Users/robwill/repos/report-generator-doc/src/en/m_admin.ditamap" format="ditamap"></file><file src="file:/Users/robwill/repos/report-generator-doc/src/en/topics/r_rp_cfg_black_duck.dita" uri="42f0071edc135230a5e1d365235e9840d653628b.dita" path="42f0071edc135230a5e1d365235e9840d653628b.dita" result="file:/Users/robwill/repos/report-generator-doc/src/en/topics/r_rp_cfg_black_duck.dita" format="dita" has-link="true" target="true"></file><file src="file:/Users/robwill/repos/report-generator-doc/src/en/topics/c_rp_users.dita" uri="0ae3d199473b2ce273e5c3de5114099cf1ec94e0.dita" path="0ae3d199473b2ce273e5c3de5114099cf1ec94e0.dita" result="file:/Users/robwill/repos/report-generator-doc/src/en/topics/c_rp_users.dita" format="dita" has-keyref="true" has-link="true" target="true"></file><file src="file:/Users/robwill/repos/report-generator-doc/src/en/assets/images/rp_portfolio_button_delete.png" uri="c3426b2596d0ed3ef4dd966c34d721c2830b56a2.png" path="c3426b2596d0ed3ef4dd966c34d721c2830b56a2.png" result="file:/Users/robwill/repos/report-generator-doc/src/en/assets/images/rp_portfolio_button_delete.png" format="image"></file><file src="file:/Users/robwill/repos/report-generator-doc/src/en/topics/c_rp_welcome.dita" uri="fc9391d048b67c1419173e46739beda3b24f6951.dita" path="fc9391d048b67c1419173e46739beda3b24f6951.dita" result="file:/Users/robwill/repos/report-generator-doc/src/en/topics/c_rp_welcome.dita" format="dita" has-keyref="true" has-link="true" target="true"></file><file src="file:/Users/robwill/repos/report-generator-doc/src/en/assets/images/rp_create_application_chooser_field_expanded.png" uri="c9b5a02ba7eb48913f24813006446af1816b2ff7.png" path="c9b5a02ba7eb48913f24813006446af1816b2ff7.png" result="file:/Users/robwill/repos/report-generator-doc/src/en/assets/images/rp_create_application_chooser_field_expanded.png" format="image"></file><file src="file:/Users/robwill/repos/report-generator-doc/src/en/assets/images/rp_create_application_string_results.png" uri="e13b857e1ed414606eed9b6239841fa7a4eb3db8.png" path="e13b857e1ed414606eed9b6239841fa7a4eb3db8.png" result="file:/Users/robwill/repos/report-generator-doc/src/en/assets/images/rp_create_application_string_results.png" format="image"></file><file src="file:/Users/robwill/repos/report-generator-doc/src/en/assets/images/rp_application_issues_severity_category.png" uri="5c1d2de4c1f0da8e367c84f616476b4501b962bb.png" path="5c1d2de4c1f0da8e367c84f616476b4501b962bb.png" result="file:/Users/robwill/repos/report-generator-doc/src/en/assets/images/rp_application_issues_severity_category.png" format="image"></file><file src="file:/Users/robwill/repos/report-generator-doc/src/en/assets/images/rp_riskprofile.png" uri="22223c84c43c50baba4effb16bbc7b1f03263dbc.png" path="22223c84c43c50baba4effb16bbc7b1f03263dbc.png" result="file:/Users/robwill/repos/report-generator-doc/src/en/assets/images/rp_riskprofile.png" format="image"></file><file src="file:/Users/robwill/repos/report-generator-doc/src/en/topics/c_rp_reports.dita" uri="7e357a172ef5c7e22e66eed23a987350860fc720.dita" path="7e357a172ef5c7e22e66eed23a987350860fc720.dita" result="file:/Users/robwill/repos/report-generator-doc/src/en/topics/c_rp_reports.dita" format="dita" has-link="true" target="true"></file><file src="file:/Users/robwill/repos/report-generator-doc/src/en/assets/images/rp_create_application_results_sub-project.png" uri="3b91c4a0f246383a09f6131d05e164bb86901484.png" path="3b91c4a0f246383a09f6131d05e164bb86901484.png" result="file:/Users/robwill/repos/report-generator-doc/src/en/assets/images/rp_create_application_results_sub-project.png" format="image"></file><file src="file:/Users/robwill/repos/report-generator-doc/src/en/m_name.ditamap" uri="b44447cd833a46066c2b8bd25eda9dd214cb1ab2.ditamap" path="b44447cd833a46066c2b8bd25eda9dd214cb1ab2.ditamap" result="file:/Users/robwill/repos/report-generator-doc/src/en/m_name.ditamap" format="ditamap"></file><file src="file:/Users/robwill/repos/report-generator-doc/src/en/topics/g_project.dita" uri="881504f3100f51143d98cb2a6e7bc68676488e51.dita" path="881504f3100f51143d98cb2a6e7bc68676488e51.dita" result="file:/Users/robwill/repos/report-generator-doc/src/en/topics/g_project.dita" format="dita" has-keyref="true" target="true"></file><file src="file:/Users/robwill/repos/report-generator-doc/src/en/topics/c_rp_agents.dita" uri="7910c574a009b482ec5d42e4715e4de11652b0f4.dita" path="7910c574a009b482ec5d42e4715e4de11652b0f4.dita" result="file:/Users/robwill/repos/report-generator-doc/src/en/topics/c_rp_agents.dita" format="dita" has-keyref="true" has-link="true" target="true"></file><file src="file:/Users/robwill/repos/report-generator-doc/src/en/assets/images/rp_app_details_section_categories.png" uri="f31836f58d0ba61ed1b9cad2e07a10b81fb6df7e.png" path="f31836f58d0ba61ed1b9cad2e07a10b81fb6df7e.png" result="file:/Users/robwill/repos/report-generator-doc/src/en/assets/images/rp_app_details_section_categories.png" format="image"></file><file src="file:/Users/robwill/repos/report-generator-doc/src/en/topics/c_rp_custom_appriskreport.dita" uri="dcdeb8553c28d3567b85aba18e30221df2ca449e.dita" path="dcdeb8553c28d3567b85aba18e30221df2ca449e.dita" result="file:/Users/robwill/repos/report-generator-doc/src/en/topics/c_rp_custom_appriskreport.dita" format="dita" target="true"></file><file src="file:/Users/robwill/repos/report-generator-doc/src/en/topics/t_rp_app_create_by_name.dita" uri="10e237bf43432b8ddf803ff52b026a383dcc1384.dita" path="10e237bf43432b8ddf803ff52b026a383dcc1384.dita" result="file:/Users/robwill/repos/report-generator-doc/src/en/topics/t_rp_app_create_by_name.dita" format="dita" has-link="true" target="true"></file><file src="file:/Users/robwill/repos/report-generator-doc/src/en/topics/t_rp_agent_download.dita" uri="5ffcc271cfedd8ddb1c256d2c8f756035b8bdbee.dita" path="5ffcc271cfedd8ddb1c256d2c8f756035b8bdbee.dita" result="file:/Users/robwill/repos/report-generator-doc/src/en/topics/t_rp_agent_download.dita" format="dita" has-keyref="true" has-link="true" target="true"></file><file src="file:/Users/robwill/repos/report-generator-doc/src/en/topics/t_rp_agent_gentoken.dita" uri="cf2fbdd0c0eb41b63adcf2be15d9172336f2ceb7.dita" path="cf2fbdd0c0eb41b63adcf2be15d9172336f2ceb7.dita" result="file:/Users/robwill/repos/report-generator-doc/src/en/topics/t_rp_agent_gentoken.dita" format="dita" has-keyref="true" has-link="true" target="true"></file><file src="file:/Users/robwill/repos/report-generator-doc/src/en/topics/g_reporting_platform.dita" uri="a650b94a6116d3af57633b399dcff866ebb673ea.dita" path="a650b94a6116d3af57633b399dcff866ebb673ea.dita" result="file:/Users/robwill/repos/report-generator-doc/src/en/topics/g_reporting_platform.dita" format="dita" has-keyref="true" target="true"></file><file src="file:/Users/robwill/repos/report-generator-doc/src/en/topics/g_reportapp.dita" uri="26aa8dd3055e4988c78c38ff6b89ffe62c562129.dita" path="26aa8dd3055e4988c78c38ff6b89ffe62c562129.dita" result="file:/Users/robwill/repos/report-generator-doc/src/en/topics/g_reportapp.dita" format="dita" has-keyref="true" target="true"></file><file src="file:/Users/robwill/repos/report-generator-doc/src/en/assets/images/rp_home_screen_full.png" uri="c4b3daa6bd709f0e36130064e8cae0752c5cf668.png" path="c4b3daa6bd709f0e36130064e8cae0752c5cf668.png" result="file:/Users/robwill/repos/report-generator-doc/src/en/assets/images/rp_home_screen_full.png" format="image"></file></files></job>