<?xml version="1.0" encoding="UTF-8"?><job><property name="user.input.dir"><string>/Users/robwill/repos/report-generator-doc/src/en</string></property><property name="transtypes"><string>webhelp-responsive;pdf;exportmap;pdf2;pdf-css-html5;pdf-css-html5-single-topic;webhelpCommons;html5;webhelp-responsive-preprocess2;resx-props;synopsyspdf;sig-html5;sig-html5-1file;sig-pdf;sig-webhelp;xhtml;eclipsehelp;htmlhelp;dita;markdown;markdown_github;markdown_gitbook</string></property><property name="plugin.com.oxygenxml.webhelp.common.dir"><string>plugins/com.oxygenxml.webhelp.common</string></property><property name="parser.md"><string>com.elovirta.dita.markdown.MarkdownReader</string></property><property name="plugin.org.dita.specialization.dita11.dir"><string>plugins/org.dita.specialization.dita11</string></property><property name="crawl"><string>topic</string></property><property name="plugin.com.synopsys.sig.docs.doctypes.dir"><string>plugins/com.synopsys.sig.docs.doctypes</string></property><property name="plugin.com.oxygenxml.pdf.custom.dir"><string>plugins/com.oxygenxml.pdf.custom</string></property><property name="parser.hdita"><string>com.elovirta.dita.html.HDitaReader</string></property><property name="cli.color"><string>true</string></property><property name="user.input.file"><string>bm_reporting_platform_doc.ditamap</string></property><property name="plugin.org.dita.pdf2.dir"><string>plugins/org.dita.pdf2</string></property><property name="print_transtypes"><string>pdf-css-html5;pdf;pdf2;resx-props;pdf-css-html5-single-topic;synopsyspdf;sig-pdf</string></property><property name="onlytopicinmap"><string>false</string></property><property name="supported_resource_extensions"><string>.pdf;.swf</string></property><property name="plugin.org.dita.xhtml.dir"><string>plugins/org.dita.xhtml</string></property><property name="plugin.com.oxygenxml.common.dir"><string>plugins/com.oxygenxml.common</string></property><property name="plugin.org.dita.index.dir"><string>plugins/org.dita.index</string></property><property name="plugin.com.oxygenxml.pdf.review.dir"><string>plugins/com.oxygenxml.pdf.review</string></property><property name="plugin.com.synopsys.cov.resx.dir"><string>plugins/com.synopsys.cov.resx</string></property><property name="relflagimagelist"><string/></property><property name="supported_html_extensions"><string>.html;.htm</string></property><property name="plugin.order"><string>org.dita.base org.oasis-open.dita.v1_3 org.oasis-open.dita.v1_2</string></property><property name="otrelease"><string>3.5</string></property><property name="supported_image_extensions"><string>.gif;.svg;.bmp;.jpg;.tif;.eps;.jpeg;.png;.tiff</string></property><property name="plugin.com.oxygenxml.pdf.css.dir"><string>plugins/com.oxygenxml.pdf.css</string></property><property name="InputMapDir"><string>/Users/robwill/repos/report-generator-doc/src/en/bm_reporting_platform_doc.ditamap</string></property><property name="org.dita.pdf2.i18n.enabled"><string>true</string></property><property name="plugin.com.synopsys.sig.docs.sig-html5.dir"><string>plugins/com.synopsys.sig.docs.sig-html5</string></property><property name="user.input.dir.uri"><string>file:/Users/robwill/repos/report-generator-doc/src/en/</string></property><property name="plugin.org.dita.html5.dir"><string>plugins/org.dita.html5</string></property><property name="generatecopyouter"><string>NOT_GENERATEOUTTER</string></property><property name="default.cascade"><string>merge</string></property><property name="plugin.org.oasis-open.xdita.v0_2_2.dir"><string>plugins/org.oasis-open.xdita.v0_2_2</string></property><property name="plugin.org.dita.eclipsehelp.dir"><string>plugins/org.dita.eclipsehelp</string></property><property name="outputdir"><string>/Users/robwill/repos/report-generator-doc/src/en/out/sig-webhelp</string></property><property name="plugin.com.synopsys.sig.docs.sig-pdf.dir"><string>plugins/com.synopsys.sig.docs.sig-pdf</string></property><property name="plugin.org.dita.htmlhelp.dir"><string>plugins/org.dita.htmlhelp</string></property><property name="temp-file-name-scheme"><string>org.dita.dost.module.reader.DefaultTempFileScheme</string></property><property name="plugin.com.synopsys.pdf.dir"><string>plugins/com.synopsys.pdf</string></property><property name="plugin.org.dita.base.dir"><string>plugins/org.dita.base</string></property><property name="plugin.com.oxygenxml.editlink.dir"><string>plugins/com.oxygenxml.editlink</string></property><property name="plugin.com.synopsys.sig.docs.sig-html5-1file.dir"><string>plugins/com.synopsys.sig.docs.sig-html5-1file</string></property><property name="plugindirs"><string>plugins;demo</string></property><property name="parser.mdita"><string>com.elovirta.dita.markdown.MDitaReader</string></property><property name="user.input.file.listfile"><string>usr.input.file.list</string></property><property name="outercontrol"><string>WARN</string></property><property name="plugin.ignores"><string/></property><property name="plugin.com.synopsys.sig.docs.sig-webhelp.dir"><string>plugins/com.synopsys.sig.docs.sig-webhelp</string></property><property name="relflagimagefile"><string>relflagimage.list</string></property><property name="plugin.com.zoominsoftware.swagger.dir"><string>plugins/com.zoominsoftware.swagger</string></property><property name="user.input.file.uri"><string>bm_reporting_platform_doc.ditamap</string></property><property name="plugin.com.oxygenxml.highlight.dir"><string>plugins/com.oxygenxml.highlight</string></property><property name="registry"><string>https://plugins.dita-ot.org/</string></property><property name="plugin.org.dita.normalize.dir"><string>plugins/org.dita.normalize</string></property><property name="plugin.org.dita.pdf2.axf.dir"><string>plugins/org.dita.pdf2.axf</string></property><property name="plugin.org.oasis-open.dita.v1_2.dir"><string>plugins/org.oasis-open.dita.v1_2</string></property><property name="plugin.org.oasis-open.dita.techcomm.v2_0.dir"><string>plugins/org.oasis-open.dita.techcomm.v2_0</string></property><property name="InputMapDir.uri"><string>file:/Users/robwill/repos/report-generator-doc/src/en/bm_reporting_platform_doc.ditamap</string></property><property name="plugin.com.oxygenxml.export.map.dir"><string>plugins/com.oxygenxml.export.map</string></property><property name="plugin.com.oxygenxml.html.embed.dir"><string>plugins/com.oxygenxml.html.embed</string></property><property name="plugin.org.dita.pdf2.fop.dir"><string>plugins/org.dita.pdf2.fop</string></property><property name="plugin.org.lwdita.dir"><string>plugins/org.lwdita</string></property><property name="plugin.org.dita.pdf2.xep.dir"><string>plugins/org.dita.pdf2.xep</string></property><property name="tempdirToinputmapdir.relative.value"><string/></property><property name="plugin.com.oxygenxml.webhelp.responsive.dir"><string>plugins/com.oxygenxml.webhelp.responsive</string></property><property name="plugin.org.oasis-open.dita.v2_0.dir"><string>plugins/org.oasis-open.dita.v2_0</string></property><property name="otversion"><string>3.5.4</string></property><property name="plugin.org.oasis-open.dita.v1_3.dir"><string>plugins/org.oasis-open.dita.v1_3</string></property><property name="parser.markdown"><string>com.elovirta.dita.markdown.MarkdownReader</string></property><property name="uplevels"><string/></property><files><file src="file:/Users/robwill/repos/report-generator-doc/src/en/topics/t_rp_maintain_agent.dita" uri="topics/t_rp_maintain_agent.dita" path="topics/t_rp_maintain_agent.dita" result="file:/Users/robwill/repos/report-generator-doc/src/en/topics/t_rp_maintain_agent.dita" format="dita" has-link="true" target="true"/><file src="file:/Users/robwill/repos/report-generator-doc/src/en/topics/t_rp_agent_create.dita" uri="topics/t_rp_agent_create.dita" path="topics/t_rp_agent_create.dita" result="file:/Users/robwill/repos/report-generator-doc/src/en/topics/t_rp_agent_create.dita" format="dita" has-link="true" target="true"/><file src="file:/Users/robwill/repos/report-generator-doc/src/en/assets/images/rp_riskprofile.png" uri="assets/images/rp_riskprofile.png" path="assets/images/rp_riskprofile.png" result="file:/Users/robwill/repos/report-generator-doc/src/en/assets/images/rp_riskprofile.png" format="image"/><file src="file:/Users/robwill/repos/report-generator-doc/src/en/topics/c_rp_agents.dita" uri="topics/c_rp_agents.dita" path="topics/c_rp_agents.dita" result="file:/Users/robwill/repos/report-generator-doc/src/en/topics/c_rp_agents.dita" format="dita" has-keyref="true" has-link="true" target="true"/><file src="file:/Users/robwill/repos/report-generator-doc/src/en/topics/g_reportagent.dita" uri="topics/g_reportagent.dita" path="topics/g_reportagent.dita" result="file:/Users/robwill/repos/report-generator-doc/src/en/topics/g_reportagent.dita" format="dita" has-keyref="true" target="true"/><file src="file:/Users/robwill/repos/report-generator-doc/src/en/assets/images/rp_create_application_results_sub-project.png" uri="assets/images/rp_create_application_results_sub-project.png" path="assets/images/rp_create_application_results_sub-project.png" result="file:/Users/robwill/repos/report-generator-doc/src/en/assets/images/rp_create_application_results_sub-project.png" format="image"/><file src="file:/Users/robwill/repos/report-generator-doc/src/en/topics/t_rp_agent_download.dita" uri="topics/t_rp_agent_download.dita" path="topics/t_rp_agent_download.dita" result="file:/Users/robwill/repos/report-generator-doc/src/en/topics/t_rp_agent_download.dita" format="dita" has-keyref="true" has-link="true" target="true"/><file src="file:/Users/robwill/repos/report-generator-doc/src/en/topics/g_reporting_platform.dita" uri="topics/g_reporting_platform.dita" path="topics/g_reporting_platform.dita" result="file:/Users/robwill/repos/report-generator-doc/src/en/topics/g_reporting_platform.dita" format="dita" has-keyref="true" target="true"/><file src="file:/Users/robwill/repos/report-generator-doc/src/en/topics/t_rp_app_create_by_name.dita" uri="topics/t_rp_app_create_by_name.dita" path="topics/t_rp_app_create_by_name.dita" result="file:/Users/robwill/repos/report-generator-doc/src/en/topics/t_rp_app_create_by_name.dita" format="dita" has-link="true" target="true"/><file src="file:/Users/robwill/repos/report-generator-doc/src/en/assets/images/rp_home_screen.png" uri="assets/images/rp_home_screen.png" path="assets/images/rp_home_screen.png" result="file:/Users/robwill/repos/report-generator-doc/src/en/assets/images/rp_home_screen.png" format="image"/><file src="file:/Users/robwill/repos/report-generator-doc/src/en/topics/c_rp_report_details_trend.dita" uri="topics/c_rp_report_details_trend.dita" path="topics/c_rp_report_details_trend.dita" result="file:/Users/robwill/repos/report-generator-doc/src/en/topics/c_rp_report_details_trend.dita" format="dita" has-link="true" target="true"/><file src="file:/Users/robwill/repos/report-generator-doc/src/en/topics/r_rp_cfg_black_duck.dita" uri="topics/r_rp_cfg_black_duck.dita" path="topics/r_rp_cfg_black_duck.dita" result="file:/Users/robwill/repos/report-generator-doc/src/en/topics/r_rp_cfg_black_duck.dita" format="dita" has-link="true" target="true"/><file src="file:/Users/robwill/repos/report-generator-doc/src/en/assets/images/rp_create_application_chooser_field_expanded.png" uri="assets/images/rp_create_application_chooser_field_expanded.png" path="assets/images/rp_create_application_chooser_field_expanded.png" result="file:/Users/robwill/repos/report-generator-doc/src/en/assets/images/rp_create_application_chooser_field_expanded.png" format="image"/><file src="file:/Users/robwill/repos/report-generator-doc/src/en/topics/g_reportapp.dita" uri="topics/g_reportapp.dita" path="topics/g_reportapp.dita" result="file:/Users/robwill/repos/report-generator-doc/src/en/topics/g_reportapp.dita" format="dita" has-keyref="true" target="true"/><file src="file:/Users/robwill/repos/report-generator-doc/src/en/topics/t_rp_upgrade_agent.dita" uri="topics/t_rp_upgrade_agent.dita" path="topics/t_rp_upgrade_agent.dita" result="file:/Users/robwill/repos/report-generator-doc/src/en/topics/t_rp_upgrade_agent.dita" format="dita" has-link="true" target="true"/><file src="file:/Users/robwill/repos/report-generator-doc/src/en/topics/c_rp_welcome.dita" uri="topics/c_rp_welcome.dita" path="topics/c_rp_welcome.dita" result="file:/Users/robwill/repos/report-generator-doc/src/en/topics/c_rp_welcome.dita" format="dita" has-keyref="true" has-link="true" target="true"/><file src="file:/Users/robwill/repos/report-generator-doc/src/en/topics/t_rp_app_configure.dita" uri="topics/t_rp_app_configure.dita" path="topics/t_rp_app_configure.dita" result="file:/Users/robwill/repos/report-generator-doc/src/en/topics/t_rp_app_configure.dita" format="dita" has-keyref="true" target="true"/><file src="file:/Users/robwill/repos/report-generator-doc/src/en/m_user_guide.ditamap" uri="m_user_guide.ditamap" path="m_user_guide.ditamap" result="file:/Users/robwill/repos/report-generator-doc/src/en/m_user_guide.ditamap" format="ditamap"/><file src="file:/Users/robwill/repos/report-generator-doc/src/en/assets/images/rp_create_application_string_results.png" uri="assets/images/rp_create_application_string_results.png" path="assets/images/rp_create_application_string_results.png" result="file:/Users/robwill/repos/report-generator-doc/src/en/assets/images/rp_create_application_string_results.png" format="image"/><file src="file:/Users/robwill/repos/report-generator-doc/src/en/assets/images/rp_create_application_bytool.png" uri="assets/images/rp_create_application_bytool.png" path="assets/images/rp_create_application_bytool.png" result="file:/Users/robwill/repos/report-generator-doc/src/en/assets/images/rp_create_application_bytool.png" format="image"/><file src="file:/Users/robwill/repos/report-generator-doc/src/en/assets/images/rp_create_application_chooser_field_pop-up.png" uri="assets/images/rp_create_application_chooser_field_pop-up.png" path="assets/images/rp_create_application_chooser_field_pop-up.png" result="file:/Users/robwill/repos/report-generator-doc/src/en/assets/images/rp_create_application_chooser_field_pop-up.png" format="image"/><file src="file:/Users/robwill/repos/report-generator-doc/src/en/topics/t_rp_app_create.dita" uri="topics/t_rp_app_create.dita" path="topics/t_rp_app_create.dita" result="file:/Users/robwill/repos/report-generator-doc/src/en/topics/t_rp_app_create.dita" format="dita" has-link="true" target="true"/><file src="file:/Users/robwill/repos/report-generator-doc/src/en/topics/t_rp_sslcert_dbconn.dita" uri="topics/t_rp_sslcert_dbconn.dita" path="topics/t_rp_sslcert_dbconn.dita" result="file:/Users/robwill/repos/report-generator-doc/src/en/topics/t_rp_sslcert_dbconn.dita" format="dita" target="true"/><file src="file:/Users/robwill/repos/report-generator-doc/src/en/topics/g_analysistool.dita" uri="topics/g_analysistool.dita" path="topics/g_analysistool.dita" result="file:/Users/robwill/repos/report-generator-doc/src/en/topics/g_analysistool.dita" format="dita" has-keyref="true" target="true"/><file src="file:/Users/robwill/repos/report-generator-doc/src/en/assets/images/rp_create_application_chooser_field.png" uri="assets/images/rp_create_application_chooser_field.png" path="assets/images/rp_create_application_chooser_field.png" result="file:/Users/robwill/repos/report-generator-doc/src/en/assets/images/rp_create_application_chooser_field.png" format="image"/><file src="file:/Users/robwill/repos/report-generator-doc/src/en/vars/m_keywords_map.ditamap" uri="vars/m_keywords_map.ditamap" path="vars/m_keywords_map.ditamap" result="file:/Users/robwill/repos/report-generator-doc/src/en/vars/m_keywords_map.ditamap" format="ditamap"/><file src="file:/Users/robwill/repos/report-generator-doc/src/en/m_admin.ditamap" uri="m_admin.ditamap" path="m_admin.ditamap" result="file:/Users/robwill/repos/report-generator-doc/src/en/m_admin.ditamap" format="ditamap"/><file src="file:/Users/robwill/repos/report-generator-doc/src/en/assets/images/rp_application_issues_severity_category.png" uri="assets/images/rp_application_issues_severity_category.png" path="assets/images/rp_application_issues_severity_category.png" result="file:/Users/robwill/repos/report-generator-doc/src/en/assets/images/rp_application_issues_severity_category.png" format="image"/><file src="file:/Users/robwill/repos/report-generator-doc/src/en/topics/t_rp_app_props_local.dita" uri="topics/t_rp_app_props_local.dita" path="topics/t_rp_app_props_local.dita" result="file:/Users/robwill/repos/report-generator-doc/src/en/topics/t_rp_app_props_local.dita" format="dita" has-keyref="true" has-link="true" target="true"/><file src="file:/Users/robwill/repos/report-generator-doc/src/en/topics/c_rp_report_details_categories.dita" uri="topics/c_rp_report_details_categories.dita" path="topics/c_rp_report_details_categories.dita" result="file:/Users/robwill/repos/report-generator-doc/src/en/topics/c_rp_report_details_categories.dita" format="dita" has-link="true" target="true"/><file src="file:/Users/robwill/repos/report-generator-doc/src/en/topics/g_report.dita" uri="topics/g_report.dita" path="topics/g_report.dita" result="file:/Users/robwill/repos/report-generator-doc/src/en/topics/g_report.dita" format="dita" has-keyref="true" target="true"/><file src="file:/Users/robwill/repos/report-generator-doc/src/en/classification.xml" uri="classification.xml" path="classification.xml" result="file:/Users/robwill/repos/report-generator-doc/src/en/classification.xml" format="xml" resource-only="true"/><file src="file:/Users/robwill/repos/report-generator-doc/src/en/topics/t_rp_mng_appmembers.dita" uri="topics/t_rp_mng_appmembers.dita" path="topics/t_rp_mng_appmembers.dita" result="file:/Users/robwill/repos/report-generator-doc/src/en/topics/t_rp_mng_appmembers.dita" format="dita" target="true"/><file src="file:/Users/robwill/repos/report-generator-doc/src/en/topics/r_rp_sev_stat_mapping.dita" uri="topics/r_rp_sev_stat_mapping.dita" path="topics/r_rp_sev_stat_mapping.dita" result="file:/Users/robwill/repos/report-generator-doc/src/en/topics/r_rp_sev_stat_mapping.dita" format="dita" has-keyref="true" target="true"/><file src="file:/Users/robwill/repos/report-generator-doc/src/en/topics/t_rp_setup_apps.dita" uri="topics/t_rp_setup_apps.dita" path="topics/t_rp_setup_apps.dita" result="file:/Users/robwill/repos/report-generator-doc/src/en/topics/t_rp_setup_apps.dita" format="dita" has-keyref="true" has-link="true" target="true"/><file src="file:/Users/robwill/repos/report-generator-doc/src/en/topics/c_name.dita" uri="topics/c_name.dita" path="topics/c_name.dita" result="file:/Users/robwill/repos/report-generator-doc/src/en/topics/c_name.dita" format="dita" target="true"/><file src="file:/Users/robwill/repos/report-generator-doc/src/en/m_glossary.ditamap" uri="m_glossary.ditamap" path="m_glossary.ditamap" result="file:/Users/robwill/repos/report-generator-doc/src/en/m_glossary.ditamap" format="ditamap"/><file src="file:/Users/robwill/repos/report-generator-doc/src/en/topics/c_rp_report_details_tools.dita" uri="topics/c_rp_report_details_tools.dita" path="topics/c_rp_report_details_tools.dita" result="file:/Users/robwill/repos/report-generator-doc/src/en/topics/c_rp_report_details_tools.dita" format="dita" target="true"/><file src="file:/Users/robwill/repos/report-generator-doc/src/en/topics/g_issue.dita" uri="topics/g_issue.dita" path="topics/g_issue.dita" result="file:/Users/robwill/repos/report-generator-doc/src/en/topics/g_issue.dita" format="dita" has-keyref="true" target="true"/><file src="file:/Users/robwill/repos/report-generator-doc/src/en/topics/c_rp_interface.dita" uri="topics/c_rp_interface.dita" path="topics/c_rp_interface.dita" result="file:/Users/robwill/repos/report-generator-doc/src/en/topics/c_rp_interface.dita" format="dita" has-keyref="true" has-link="true" target="true"/><file src="file:/Users/robwill/repos/report-generator-doc/src/en/topics/g_risk_portfolio.dita" uri="topics/g_risk_portfolio.dita" path="topics/g_risk_portfolio.dita" result="file:/Users/robwill/repos/report-generator-doc/src/en/topics/g_risk_portfolio.dita" format="dita" has-keyref="true" target="true"/><file src="file:/Users/robwill/repos/report-generator-doc/src/en/topics/t_rp_agent_gentoken.dita" uri="topics/t_rp_agent_gentoken.dita" path="topics/t_rp_agent_gentoken.dita" result="file:/Users/robwill/repos/report-generator-doc/src/en/topics/t_rp_agent_gentoken.dita" format="dita" has-keyref="true" has-link="true" target="true"/><file src="file:/Users/robwill/repos/report-generator-doc/src/en/topics/t_rp_cfg_msp.dita" uri="topics/t_rp_cfg_msp.dita" path="topics/t_rp_cfg_msp.dita" result="file:/Users/robwill/repos/report-generator-doc/src/en/topics/t_rp_cfg_msp.dita" format="dita" target="true"/><file src="file:/Users/robwill/repos/report-generator-doc/src/en/assets/images/rp_app_details_section_trend.png" uri="assets/images/rp_app_details_section_trend.png" path="assets/images/rp_app_details_section_trend.png" result="file:/Users/robwill/repos/report-generator-doc/src/en/assets/images/rp_app_details_section_trend.png" format="image"/><file src="file:/Users/robwill/repos/report-generator-doc/src/en/topics/t_rp_agent_install.dita" uri="topics/t_rp_agent_install.dita" path="topics/t_rp_agent_install.dita" result="file:/Users/robwill/repos/report-generator-doc/src/en/topics/t_rp_agent_install.dita" format="dita" target="true"/><file src="file:/Users/robwill/repos/report-generator-doc/src/en/topics/t_rp_app_remove.dita" uri="topics/t_rp_app_remove.dita" path="topics/t_rp_app_remove.dita" result="file:/Users/robwill/repos/report-generator-doc/src/en/topics/t_rp_app_remove.dita" format="dita" has-link="true" target="true"/><file src="file:/Users/robwill/repos/report-generator-doc/src/en/topics/t_rp_app_edit_props.dita" uri="topics/t_rp_app_edit_props.dita" path="topics/t_rp_app_edit_props.dita" result="file:/Users/robwill/repos/report-generator-doc/src/en/topics/t_rp_app_edit_props.dita" format="dita" has-link="true" target="true"/><file src="file:/Users/robwill/repos/report-generator-doc/src/en/topics/c_rp_viewing_results.dita" uri="topics/c_rp_viewing_results.dita" path="topics/c_rp_viewing_results.dita" result="file:/Users/robwill/repos/report-generator-doc/src/en/topics/c_rp_viewing_results.dita" format="dita" has-keyref="true" has-link="true" target="true"/><file src="file:/Users/robwill/repos/report-generator-doc/src/en/assets/images/rp_application_issue_filter.png" uri="assets/images/rp_application_issue_filter.png" path="assets/images/rp_application_issue_filter.png" result="file:/Users/robwill/repos/report-generator-doc/src/en/assets/images/rp_application_issue_filter.png" format="image"/><file src="file:/Users/robwill/repos/report-generator-doc/src/en/topics/t_rp_app_create_by_search.dita" uri="topics/t_rp_app_create_by_search.dita" path="topics/t_rp_app_create_by_search.dita" result="file:/Users/robwill/repos/report-generator-doc/src/en/topics/t_rp_app_create_by_search.dita" format="dita" has-link="true" target="true"/><file src="file:/Users/robwill/repos/report-generator-doc/src/en/topics/c_rp_report_details_severity.dita" uri="topics/c_rp_report_details_severity.dita" path="topics/c_rp_report_details_severity.dita" result="file:/Users/robwill/repos/report-generator-doc/src/en/topics/c_rp_report_details_severity.dita" format="dita" has-link="true" target="true"/><file src="file:/Users/robwill/repos/report-generator-doc/src/en/assets/images/rp_home_screen_full.png" uri="assets/images/rp_home_screen_full.png" path="assets/images/rp_home_screen_full.png" result="file:/Users/robwill/repos/report-generator-doc/src/en/assets/images/rp_home_screen_full.png" format="image"/><file src="file:/Users/robwill/repos/report-generator-doc/src/en/assets/images/rp_agent_download.png" uri="assets/images/rp_agent_download.png" path="assets/images/rp_agent_download.png" result="file:/Users/robwill/repos/report-generator-doc/src/en/assets/images/rp_agent_download.png" format="image"/><file src="file:/Users/robwill/repos/report-generator-doc/src/en/assets/images/rp_create_application_results_sub-project_chosen.png" uri="assets/images/rp_create_application_results_sub-project_chosen.png" path="assets/images/rp_create_application_results_sub-project_chosen.png" result="file:/Users/robwill/repos/report-generator-doc/src/en/assets/images/rp_create_application_results_sub-project_chosen.png" format="image"/><file src="file:/Users/robwill/repos/report-generator-doc/src/en/m_relnotes.ditamap" uri="m_relnotes.ditamap" path="m_relnotes.ditamap" result="file:/Users/robwill/repos/report-generator-doc/src/en/m_relnotes.ditamap" format="ditamap"/><file src="file:/Users/robwill/repos/report-generator-doc/src/en/topics/t_export-issues.dita" uri="topics/t_export-issues.dita" path="topics/t_export-issues.dita" result="file:/Users/robwill/repos/report-generator-doc/src/en/topics/t_export-issues.dita" format="dita" has-link="true" target="true"/><file src="file:/Users/robwill/repos/report-generator-doc/src/en/topics/g_risk_profile.dita" uri="topics/g_risk_profile.dita" path="topics/g_risk_profile.dita" result="file:/Users/robwill/repos/report-generator-doc/src/en/topics/g_risk_profile.dita" format="dita" has-keyref="true" target="true"/><file src="file:/Users/robwill/repos/report-generator-doc/src/en/topics/c_rp_tools.dita" uri="topics/c_rp_tools.dita" path="topics/c_rp_tools.dita" result="file:/Users/robwill/repos/report-generator-doc/src/en/topics/c_rp_tools.dita" format="dita" has-keyref="true" has-link="true" target="true"/><file src="file:/Users/robwill/repos/report-generator-doc/src/en/topics/c_rp_users.dita" uri="topics/c_rp_users.dita" path="topics/c_rp_users.dita" result="file:/Users/robwill/repos/report-generator-doc/src/en/topics/c_rp_users.dita" format="dita" has-keyref="true" has-link="true" target="true"/><file src="file:/Users/robwill/repos/report-generator-doc/src/en/assets/images/rp_agent_token_generate.png" uri="assets/images/rp_agent_token_generate.png" path="assets/images/rp_agent_token_generate.png" result="file:/Users/robwill/repos/report-generator-doc/src/en/assets/images/rp_agent_token_generate.png" format="image"/><file src="file:/Users/robwill/repos/report-generator-doc/src/en/topics/t_rp_apis.dita" uri="topics/t_rp_apis.dita" path="topics/t_rp_apis.dita" result="file:/Users/robwill/repos/report-generator-doc/src/en/topics/t_rp_apis.dita" format="dita" has-keyref="true" target="true"/><file src="file:/Users/robwill/repos/report-generator-doc/src/en/topics/c_rp_reports.dita" uri="topics/c_rp_reports.dita" path="topics/c_rp_reports.dita" result="file:/Users/robwill/repos/report-generator-doc/src/en/topics/c_rp_reports.dita" format="dita" has-link="true" target="true"/><file src="file:/Users/robwill/repos/report-generator-doc/src/en/m_intro.ditamap" uri="m_intro.ditamap" path="m_intro.ditamap" result="file:/Users/robwill/repos/report-generator-doc/src/en/m_intro.ditamap" format="ditamap"/><file src="file:/Users/robwill/repos/report-generator-doc/src/en/topics/c_relnotes.dita" uri="topics/c_relnotes.dita" path="topics/c_relnotes.dita" result="file:/Users/robwill/repos/report-generator-doc/src/en/topics/c_relnotes.dita" format="dita" target="true"/><file src="file:/Users/robwill/repos/report-generator-doc/src/en/m_name.ditamap" uri="m_name.ditamap" path="m_name.ditamap" result="file:/Users/robwill/repos/report-generator-doc/src/en/m_name.ditamap" format="ditamap"/><file src="file:/Users/robwill/repos/report-generator-doc/src/en/bm_reporting_platform_doc.ditamap" uri="bm_reporting_platform_doc.ditamap" path="bm_reporting_platform_doc.ditamap" result="file:/Users/robwill/repos/report-generator-doc/src/en/bm_reporting_platform_doc.ditamap" format="ditamap" input="true"/><file src="file:/Users/robwill/repos/report-generator-doc/src/en/assets/images/rp_portfolio_button_setting.png" uri="assets/images/rp_portfolio_button_setting.png" path="assets/images/rp_portfolio_button_setting.png" result="file:/Users/robwill/repos/report-generator-doc/src/en/assets/images/rp_portfolio_button_setting.png" format="image"/><file src="file:/Users/robwill/repos/report-generator-doc/src/en/assets/images/rp_app_details_section_categories.png" uri="assets/images/rp_app_details_section_categories.png" path="assets/images/rp_app_details_section_categories.png" result="file:/Users/robwill/repos/report-generator-doc/src/en/assets/images/rp_app_details_section_categories.png" format="image"/><file src="file:/Users/robwill/repos/report-generator-doc/src/en/topics/c_rp_report_details.dita" uri="topics/c_rp_report_details.dita" path="topics/c_rp_report_details.dita" result="file:/Users/robwill/repos/report-generator-doc/src/en/topics/c_rp_report_details.dita" format="dita" has-link="true" target="true"/><file src="file:/Users/robwill/repos/report-generator-doc/src/en/assets/images/rp_portfolio_button_delete.png" uri="assets/images/rp_portfolio_button_delete.png" path="assets/images/rp_portfolio_button_delete.png" result="file:/Users/robwill/repos/report-generator-doc/src/en/assets/images/rp_portfolio_button_delete.png" format="image"/><file src="file:/Users/robwill/repos/report-generator-doc/src/en/topics/g_project.dita" uri="topics/g_project.dita" path="topics/g_project.dita" result="file:/Users/robwill/repos/report-generator-doc/src/en/topics/g_project.dita" format="dita" has-keyref="true" target="true"/><file src="file:/Users/robwill/repos/report-generator-doc/src/en/topics/c_rp_custom_appriskreport.dita" uri="topics/c_rp_custom_appriskreport.dita" path="topics/c_rp_custom_appriskreport.dita" result="file:/Users/robwill/repos/report-generator-doc/src/en/topics/c_rp_custom_appriskreport.dita" format="dita" target="true"/><file src="file:/Users/robwill/repos/report-generator-doc/src/en/topics/t_rp_cfg_seeker.dita" uri="topics/t_rp_cfg_seeker.dita" path="topics/t_rp_cfg_seeker.dita" result="file:/Users/robwill/repos/report-generator-doc/src/en/topics/t_rp_cfg_seeker.dita" format="dita" target="true"/><file src="file:/Users/robwill/repos/report-generator-doc/src/en/topics/r_rp_us_apis_pushdata.dita" uri="topics/r_rp_us_apis_pushdata.dita" path="topics/r_rp_us_apis_pushdata.dita" result="file:/Users/robwill/repos/report-generator-doc/src/en/topics/r_rp_us_apis_pushdata.dita" format="dita" has-keyref="true" has-link="true" target="true"/><file src="file:/Users/robwill/repos/report-generator-doc/src/en/assets/images/rp_architecture.png" uri="assets/images/rp_architecture.png" path="assets/images/rp_architecture.png" result="file:/Users/robwill/repos/report-generator-doc/src/en/assets/images/rp_architecture.png" format="image"/></files></job>