<?xml version="1.0" encoding="UTF-8"?><properties>
	<property name="DSTAMP" value="20230907" />
	<property name="InputMapDir" value="/Users/robwill/repos/report-generator-doc/src/en/bm_reporting_platform_doc.ditamap" />
	<property name="InputMapDir.uri" value="file:/Users/robwill/repos/report-generator-doc/src/en/bm_reporting_platform_doc.ditamap" />
	<property name="TODAY" value="September 7 2023" />
	<property name="TSTAMP" value="1906" />
	<property name="_dita.map.output.dir" value="/Users/robwill/repos/report-generator-doc/src/en/out/sig-webhelp" />
	<property name="_dita.map.temp.dir" value="/Users/robwill/repos/report-generator-doc/src/en/temp/sig-webhelp" />
	<property name="ant.core.lib" value="/Users/robwill/repos/docs-dita-tools/dita-ot/lib/ant.jar" />
	<property name="ant.file" value="/Users/robwill/repos/docs-dita-tools/dita-ot/build.xml" />
	<property name="ant.file.Custom HTML targets" value="/Users/robwill/repos/docs-dita-tools/dita-ot/plugins/com.oxygenxml.common/build_custom.xml" />
	<property name="ant.file.Custom Oxygen processing" value="/Users/robwill/repos/docs-dita-tools/dita-ot/plugins/com.oxygenxml.pdf.custom/build_custom.xml" />
	<property name="ant.file.DOST" value="/Users/robwill/repos/docs-dita-tools/dita-ot/build.xml" />
	<property name="ant.file.DOST.dir" value="/Users/robwill/repos/docs-dita-tools/dita-ot" />
	<property name="ant.file.build-utils" value="/Users/robwill/repos/docs-dita-tools/dita-ot/plugins/com.oxygenxml.pdf.css/build-utilities.xml" />
	<property name="ant.file.build_generaltargets" value="/Users/robwill/repos/docs-dita-tools/dita-ot/plugins/org.dita.xhtml/build_general.xml" />
	<property name="ant.file.com.oxygenxml.pdf.css" value="/Users/robwill/repos/docs-dita-tools/dita-ot/plugins/com.oxygenxml.pdf.css/build.xml" />
	<property name="ant.file.com.synopsys.sig.docs.sig-html5" value="/Users/robwill/repos/docs-dita-tools/dita-ot/plugins/com.synopsys.sig.docs.sig-html5/build_sig-html5_template.xml" />
	<property name="ant.file.com.synopsys.sig.docs.sig-html5-1file" value="/Users/robwill/repos/docs-dita-tools/dita-ot/plugins/com.synopsys.sig.docs.sig-html5-1file/build_sig-html5-1file.xml" />
	<property name="ant.file.com.synopsys.sig.docs.sig-webhelp" value="/Users/robwill/repos/docs-dita-tools/dita-ot/plugins/com.synopsys.sig.docs.sig-webhelp/build_sig-webhelp_template.xml" />
	<property name="ant.file.com.zoominsoftware.swagger" value="/Users/robwill/repos/docs-dita-tools/dita-ot/plugins/com.zoominsoftware.swagger/build_dita2zoomindocs.xml" />
	<property name="ant.file.dita.build" value="/Users/robwill/repos/docs-dita-tools/dita-ot/plugins/org.dita.pdf2/build.xml" />
	<property name="ant.file.dita.exportmap.build" value="/Users/robwill/repos/docs-dita-tools/dita-ot/plugins/com.oxygenxml.export.map/build.xml" />
	<property name="ant.file.dita2eclipsehelp" value="/Users/robwill/repos/docs-dita-tools/dita-ot/plugins/org.dita.eclipsehelp/build_dita2eclipsehelp.xml" />
	<property name="ant.file.dita2html5" value="/Users/robwill/repos/docs-dita-tools/dita-ot/plugins/org.dita.html5/build_dita2html5.xml" />
	<property name="ant.file.dita2htmlhelp" value="/Users/robwill/repos/docs-dita-tools/dita-ot/plugins/org.dita.htmlhelp/build_dita2htmlhelp.xml" />
	<property name="ant.file.dita2normalize" value="/Users/robwill/repos/docs-dita-tools/dita-ot/plugins/org.dita.normalize/build.xml" />
	<property name="ant.file.dita2xhtml" value="/Users/robwill/repos/docs-dita-tools/dita-ot/plugins/org.dita.xhtml/build_dita2xhtml.xml" />
	<property name="ant.file.ditaot-init" value="/Users/robwill/repos/docs-dita-tools/dita-ot/plugins/org.dita.base/build_init.xml" />
	<property name="ant.file.ditaot-preprocess" value="/Users/robwill/repos/docs-dita-tools/dita-ot/plugins/org.dita.base/build_preprocess.xml" />
	<property name="ant.file.ditaot-preprocess2" value="/Users/robwill/repos/docs-dita-tools/dita-ot/plugins/org.dita.base/build_preprocess2.xml" />
	<property name="ant.file.org.dita.pdf2.axf" value="/Users/robwill/repos/docs-dita-tools/dita-ot/plugins/org.dita.pdf2.axf/build_axf.xml" />
	<property name="ant.file.org.dita.pdf2.fop" value="/Users/robwill/repos/docs-dita-tools/dita-ot/plugins/org.dita.pdf2.fop/build_fop.xml" />
	<property name="ant.file.org.dita.pdf2.xep" value="/Users/robwill/repos/docs-dita-tools/dita-ot/plugins/org.dita.pdf2.xep/build_xep.xml" />
	<property name="ant.file.reviews" value="/Users/robwill/repos/docs-dita-tools/dita-ot/plugins/com.oxygenxml.pdf.review/build_reviews.xml" />
	<property name="ant.file.type" value="file" />
	<property name="ant.file.type.Custom HTML targets" value="file" />
	<property name="ant.file.type.Custom Oxygen processing" value="file" />
	<property name="ant.file.type.DOST" value="file" />
	<property name="ant.file.type.build-utils" value="file" />
	<property name="ant.file.type.build_generaltargets" value="file" />
	<property name="ant.file.type.com.oxygenxml.pdf.css" value="file" />
	<property name="ant.file.type.com.synopsys.sig.docs.sig-html5" value="file" />
	<property name="ant.file.type.com.synopsys.sig.docs.sig-html5-1file" value="file" />
	<property name="ant.file.type.com.synopsys.sig.docs.sig-webhelp" value="file" />
	<property name="ant.file.type.com.zoominsoftware.swagger" value="file" />
	<property name="ant.file.type.dita.build" value="file" />
	<property name="ant.file.type.dita.exportmap.build" value="file" />
	<property name="ant.file.type.dita2eclipsehelp" value="file" />
	<property name="ant.file.type.dita2html5" value="file" />
	<property name="ant.file.type.dita2htmlhelp" value="file" />
	<property name="ant.file.type.dita2normalize" value="file" />
	<property name="ant.file.type.dita2xhtml" value="file" />
	<property name="ant.file.type.ditaot-init" value="file" />
	<property name="ant.file.type.ditaot-preprocess" value="file" />
	<property name="ant.file.type.ditaot-preprocess2" value="file" />
	<property name="ant.file.type.org.dita.pdf2.axf" value="file" />
	<property name="ant.file.type.org.dita.pdf2.fop" value="file" />
	<property name="ant.file.type.org.dita.pdf2.xep" value="file" />
	<property name="ant.file.type.reviews" value="file" />
	<property name="ant.file.type.webhelp.responsive.integrator" value="file" />
	<property name="ant.file.webhelp.responsive.integrator" value="/Users/robwill/repos/docs-dita-tools/dita-ot/plugins/com.oxygenxml.webhelp.responsive/build_dita.xml" />
	<property name="ant.home" value="/Applications/Oxygen XML Editor/tools/ant" />
	<property name="ant.java.version" value="17" />
	<property name="ant.library.dir" value="/Applications/Oxygen XML Editor/tools/ant/lib" />
	<property name="ant.project.default-target" value="init" />
	<property name="ant.project.invoked-targets" value="dita2sig-webhelp,clean-temp" />
	<property name="ant.project.name" value="DOST" />
	<property name="ant.version" value="Apache Ant(TM) version 1.10.8 compiled on May 10 2020" />
	<property name="apple.awt.UIElement" value="true" />
	<property name="args.copycss" value="yes" />
	<property name="args.css" value="custom.css" />
	<property name="args.css.file" value="custom.css" />
	<property name="args.cssroot" value="/Users/robwill/repos/docs-dita-tools/dita-ot/plugins/com.synopsys.sig.docs.sig-webhelp/css" />
	<property name="args.default.language" value="en-US" />
	<property name="args.extract.indexterms.xsl" value="/Users/robwill/repos/docs-dita-tools/dita-ot/plugins/com.oxygenxml.webhelp.responsive/xsl/indexterms/extractIndexterms.xsl" />
	<property name="args.grammar.cache" value="yes" />
	<property name="args.input" value="/Users/robwill/repos/report-generator-doc/src/en/bm_reporting_platform_doc.ditamap" />
	<property name="args.xml.systemid.set" value="yes" />
	<property name="args.xsl" value="/Users/robwill/repos/docs-dita-tools/dita-ot/plugins/org.dita.html5/xsl/dita2html5.xsl" />
	<property name="base.temp.dir" value="/Users/robwill/repos/docs-dita-tools/dita-ot/temp" />
	<property name="baseJVMArgLine" value="-Xmx384m -Djava.awt.headless=true" />
	<property name="basedir" value="/Users/robwill/repos/report-generator-doc/src/en" />
	<property name="can.use.oxygen.publishing.templates" value="true" />
	<property name="clean-temp.skip" value="true" />
	<property name="clean.output" value="no" />
	<property name="clean.temp" value="no" />
	<property name="cli.color" value="true" />
	<property name="collator" value="ICU" />
	<property name="com.oxygenxml.common.dir" value="/Users/robwill/repos/docs-dita-tools/dita-ot/plugins/com.oxygenxml.common" />
	<property name="conserve-memory" value="false" />
	<property name="copy-html.todir" value="/Users/robwill/repos/report-generator-doc/src/en/out/sig-webhelp/" />
	<property name="copy-image.todir" value="/Users/robwill/repos/report-generator-doc/src/en/out/sig-webhelp/" />
	<property name="crawl" value="topic" />
	<property name="current.date" value="20230907190602538" />
	<property name="default.cascade" value="merge" />
	<property name="default.language" value="en" />
	<property name="dita.dir" value="/Users/robwill/repos/docs-dita-tools/dita-ot" />
	<property name="dita.html5.reloadstylesheet" value="false" />
	<property name="dita.input.filename" value="bm_reporting_platform_doc.ditamap" />
	<property name="dita.map.filename.root" value="bm_reporting_platform_doc" />
	<property name="dita.map.output.dir" value="/Users/robwill/repos/report-generator-doc/src/en/out/sig-webhelp" />
	<property name="dita.output.dir" value="/Users/robwill/repos/report-generator-doc/src/en/out/sig-webhelp" />
	<property name="dita.plugin.com.oxygenxml.common.dir" value="/Users/robwill/repos/docs-dita-tools/dita-ot/plugins/com.oxygenxml.common" />
	<property name="dita.plugin.com.oxygenxml.editlink.dir" value="/Users/robwill/repos/docs-dita-tools/dita-ot/plugins/com.oxygenxml.editlink" />
	<property name="dita.plugin.com.oxygenxml.export.map.dir" value="/Users/robwill/repos/docs-dita-tools/dita-ot/plugins/com.oxygenxml.export.map" />
	<property name="dita.plugin.com.oxygenxml.highlight.dir" value="/Users/robwill/repos/docs-dita-tools/dita-ot/plugins/com.oxygenxml.highlight" />
	<property name="dita.plugin.com.oxygenxml.html.embed.dir" value="/Users/robwill/repos/docs-dita-tools/dita-ot/plugins/com.oxygenxml.html.embed" />
	<property name="dita.plugin.com.oxygenxml.pdf.css.dir" value="/Users/robwill/repos/docs-dita-tools/dita-ot/plugins/com.oxygenxml.pdf.css" />
	<property name="dita.plugin.com.oxygenxml.pdf.custom.dir" value="/Users/robwill/repos/docs-dita-tools/dita-ot/plugins/com.oxygenxml.pdf.custom" />
	<property name="dita.plugin.com.oxygenxml.pdf.review.dir" value="/Users/robwill/repos/docs-dita-tools/dita-ot/plugins/com.oxygenxml.pdf.review" />
	<property name="dita.plugin.com.oxygenxml.webhelp.common.dir" value="/Users/robwill/repos/docs-dita-tools/dita-ot/plugins/com.oxygenxml.webhelp.common" />
	<property name="dita.plugin.com.oxygenxml.webhelp.responsive.dir" value="/Users/robwill/repos/docs-dita-tools/dita-ot/plugins/com.oxygenxml.webhelp.responsive" />
	<property name="dita.plugin.com.synopsys.cov.resx.dir" value="/Users/robwill/repos/docs-dita-tools/dita-ot/plugins/com.synopsys.cov.resx" />
	<property name="dita.plugin.com.synopsys.pdf.dir" value="/Users/robwill/repos/docs-dita-tools/dita-ot/plugins/com.synopsys.pdf" />
	<property name="dita.plugin.com.synopsys.sig.docs.doctypes.dir" value="/Users/robwill/repos/docs-dita-tools/dita-ot/plugins/com.synopsys.sig.docs.doctypes" />
	<property name="dita.plugin.com.synopsys.sig.docs.sig-html5-1file.dir" value="/Users/robwill/repos/docs-dita-tools/dita-ot/plugins/com.synopsys.sig.docs.sig-html5-1file" />
	<property name="dita.plugin.com.synopsys.sig.docs.sig-html5.dir" value="/Users/robwill/repos/docs-dita-tools/dita-ot/plugins/com.synopsys.sig.docs.sig-html5" />
	<property name="dita.plugin.com.synopsys.sig.docs.sig-pdf.dir" value="/Users/robwill/repos/docs-dita-tools/dita-ot/plugins/com.synopsys.sig.docs.sig-pdf" />
	<property name="dita.plugin.com.synopsys.sig.docs.sig-webhelp.dir" value="/Users/robwill/repos/docs-dita-tools/dita-ot/plugins/com.synopsys.sig.docs.sig-webhelp" />
	<property name="dita.plugin.com.zoominsoftware.swagger.dir" value="/Users/robwill/repos/docs-dita-tools/dita-ot/plugins/com.zoominsoftware.swagger" />
	<property name="dita.plugin.org.dita.base.dir" value="/Users/robwill/repos/docs-dita-tools/dita-ot/plugins/org.dita.base" />
	<property name="dita.plugin.org.dita.eclipsehelp.dir" value="/Users/robwill/repos/docs-dita-tools/dita-ot/plugins/org.dita.eclipsehelp" />
	<property name="dita.plugin.org.dita.html5.dir" value="/Users/robwill/repos/docs-dita-tools/dita-ot/plugins/org.dita.html5" />
	<property name="dita.plugin.org.dita.htmlhelp.dir" value="/Users/robwill/repos/docs-dita-tools/dita-ot/plugins/org.dita.htmlhelp" />
	<property name="dita.plugin.org.dita.index.dir" value="/Users/robwill/repos/docs-dita-tools/dita-ot/plugins/org.dita.index" />
	<property name="dita.plugin.org.dita.normalize.dir" value="/Users/robwill/repos/docs-dita-tools/dita-ot/plugins/org.dita.normalize" />
	<property name="dita.plugin.org.dita.pdf2.axf.dir" value="/Users/robwill/repos/docs-dita-tools/dita-ot/plugins/org.dita.pdf2.axf" />
	<property name="dita.plugin.org.dita.pdf2.dir" value="/Users/robwill/repos/docs-dita-tools/dita-ot/plugins/org.dita.pdf2" />
	<property name="dita.plugin.org.dita.pdf2.fop.dir" value="/Users/robwill/repos/docs-dita-tools/dita-ot/plugins/org.dita.pdf2.fop" />
	<property name="dita.plugin.org.dita.pdf2.xep.dir" value="/Users/robwill/repos/docs-dita-tools/dita-ot/plugins/org.dita.pdf2.xep" />
	<property name="dita.plugin.org.dita.specialization.dita11.dir" value="/Users/robwill/repos/docs-dita-tools/dita-ot/plugins/org.dita.specialization.dita11" />
	<property name="dita.plugin.org.dita.xhtml.dir" value="/Users/robwill/repos/docs-dita-tools/dita-ot/plugins/org.dita.xhtml" />
	<property name="dita.plugin.org.lwdita.dir" value="/Users/robwill/repos/docs-dita-tools/dita-ot/plugins/org.lwdita" />
	<property name="dita.plugin.org.oasis-open.dita.techcomm.v2_0.dir" value="/Users/robwill/repos/docs-dita-tools/dita-ot/plugins/org.oasis-open.dita.techcomm.v2_0" />
	<property name="dita.plugin.org.oasis-open.dita.v1_2.dir" value="/Users/robwill/repos/docs-dita-tools/dita-ot/plugins/org.oasis-open.dita.v1_2" />
	<property name="dita.plugin.org.oasis-open.dita.v1_3.dir" value="/Users/robwill/repos/docs-dita-tools/dita-ot/plugins/org.oasis-open.dita.v1_3" />
	<property name="dita.plugin.org.oasis-open.dita.v2_0.dir" value="/Users/robwill/repos/docs-dita-tools/dita-ot/plugins/org.oasis-open.dita.v2_0" />
	<property name="dita.plugin.org.oasis-open.xdita.v0_2_2.dir" value="/Users/robwill/repos/docs-dita-tools/dita-ot/plugins/org.oasis-open.xdita.v0_2_2" />
	<property name="dita.preprocess.reloadstylesheet.clean-map" value="${dita.preprocess.reloadstylesheet}" />
	<property name="dita.preprocess.reloadstylesheet.conref" value="${dita.preprocess.reloadstylesheet}" />
	<property name="dita.preprocess.reloadstylesheet.maplink" value="${dita.preprocess.reloadstylesheet}" />
	<property name="dita.preprocess.reloadstylesheet.mapref" value="${dita.preprocess.reloadstylesheet}" />
	<property name="dita.preprocess.reloadstylesheet.topicpull" value="${dita.preprocess.reloadstylesheet}" />
	<property name="dita.temp.dir" value="/Users/robwill/repos/report-generator-doc/src/en/temp/sig-webhelp" />
	<property name="dita.temp.dir.url" value="file:/Users/robwill/repos/report-generator-doc/src/en/temp/sig-webhelp/" />
	<property name="dita.topic.filename.root" value="bm_reporting_platform_doc" />
	<property name="document.language" value="en" />
	<property name="document.locale" value="en_US" />
	<property name="env.130;140;139;121;126;131;149;127;125;117;119;135;136;123;119;147;119;128;143;99;" value="101;102;108;99;111;110;106;100;103;106;105;111;102;106;103;102;108;100;105;103;102;98;101;98;97;105;108;112;102;109;105;108;126;163;170;152;166;162;164;162;168;155;97;" />
	<property name="env.9.1.179;191;192;170;121;130;154;179;120;125;173;135;186;116;122;195;127;133;133;145;" value="9.1.150;153;161;148;106;109;111;152;98;114;159;111;152;99;106;150;116;105;95;149;103;149;151;95;100;99;112;161;105;159;159;112;172;213;217;205;214;215;217;204;167;153;105;" />
	<property name="env.9.1.183;168;191;178;130;147;128;172;142;134;177;124;172;125;137;169;126;150;116;177;141;148;" value="9.1.149;157;160;151;101;103;115;158;101;107;156;109;153;93;300;137;434;217;229;137;" />
	<property name="env.COMMAND_MODE" value="unix2003" />
	<property name="env.HOME" value="/Users/robwill" />
	<property name="env.JAVA_MAIN_CLASS_13257" value="org.apache.tools.ant.launch.Launcher" />
	<property name="env.JAVA_MAIN_CLASS_761" value="com.install4j.runtime.launcher.MacLauncher" />
	<property name="env.LANG" value="en_US.UTF-8" />
	<property name="env.LOGNAME" value="robwill" />
	<property name="env.LaunchInstanceID" value="2025EF19-AB9E-4164-ADEB-509BEB8F9622" />
	<property name="env.OXYGEN_LICENSED_ENV" value="101;102;108;99;111;110;106;100;103;106;105;111;102;106;103;102;108;100;105;103;102;98;101;98;97;105;108;112;102;109;105;108;126;163;170;152;166;162;164;162;168;155;97;" />
	<property name="env.PATH" value="/usr/bin:/bin:/usr/sbin:/sbin" />
	<property name="env.SAXON_EE_LICENSED_ENV" value="true" />
	<property name="env.SECURITYSESSIONID" value="186a6" />
	<property name="env.SHELL" value="/bin/sh" />
	<property name="env.SSH_AUTH_SOCK" value="/private/tmp/com.apple.launchd.HnLKOV0XtR/Listeners" />
	<property name="env.TMPDIR" value="/var/folders/xf/nc_y964554l_vg2gg5n7zh1h0000gn/T/" />
	<property name="env.USER" value="robwill" />
	<property name="env.XPC_FLAGS" value="0x0" />
	<property name="env.XPC_SERVICE_NAME" value="application.ro.sync.exml.Oxygen.27368293.27368299" />
	<property name="env.__CFBundleIdentifier" value="ro.sync.exml.Oxygen" />
	<property name="env.__CF_USER_TEXT_ENCODING" value="0x1F5:0x0:0x0" />
	<property name="env.com.oxygenxml.dita.ot.process" value="true" />
	<property name="exportfile.url" value="file:/Users/robwill/repos/report-generator-doc/src/en/temp/sig-webhelp/export.xml" />
	<property name="file.encoding" value="UTF-8" />
	<property name="file.separator" value="/" />
	<property name="filter-on-parse" value="true" />
	<property name="filter-stage" value="early" />
	<property name="fop.home" value="/Users/robwill/repos/docs-dita-tools/dita-ot/plugins/org.dita.pdf2.fop" />
	<property name="force-unique" value="true" />
	<property name="generate-debug-attributes" value="true" />
	<property name="generate.copy.outer" value="1" />
	<property name="generatecopyouter" value="NOT_GENERATEOUTTER" />
	<property name="html5.nav-toc" value="none" />
	<property name="http.proxyHost" value="127.0.0.1" />
	<property name="http.proxyPort" value="9000" />
	<property name="http.proxySet" value="true" />
	<property name="https.proxyHost" value="127.0.0.1" />
	<property name="https.proxyPort" value="9000" />
	<property name="include.rellinks" value="#default parent child sibling friend next previous cousin ancestor descendant sample external other" />
	<property name="indexterms.available" value="false" />
	<property name="indexterms.properties.file" value="/Users/robwill/repos/report-generator-doc/src/en/out/sig-webhelp/indexterms.properties" />
	<property name="indexterms.properties.url" value="file:/Users/robwill/repos/report-generator-doc/src/en/out/sig-webhelp/indexterms.properties" />
	<property name="inner.transform" value="true" />
	<property name="inputMap" value="/Users/robwill/repos/report-generator-doc/src/en/temp/sig-webhelp/bm_reporting_platform_doc.ditamap" />
	<property name="java.awt.headless" value="true" />
	<property name="java.class.path" value="/Applications/Oxygen XML Editor/tools/ant/lib/ant-launcher.jar:/Users/robwill/repos/docs-dita-tools/dita-ot/plugins/com.oxygenxml.common/lib/jakarta.xml.bind-api-2.3.3.jar:/Users/robwill/repos/docs-dita-tools/dita-ot/plugins/com.oxygenxml.common/lib/jaxb-impl-2.3.3.jar:/Users/robwill/repos/docs-dita-tools/dita-ot/plugins/com.oxygenxml.common/lib/jakarta.activation-1.2.2.jar:/Users/robwill/repos/docs-dita-tools/dita-ot/plugins/com.oxygenxml.common/lib/ant-contrib-1.0b3.jar:/Users/robwill/repos/docs-dita-tools/dita-ot/plugins/com.oxygenxml.common/lib/oxygen-dita-publishing-ant-extensions.jar:/Users/robwill/repos/docs-dita-tools/dita-ot/plugins/com.oxygenxml.common/lib/oxygen-dita-publishing-xslt-extensions.jar:/Users/robwill/repos/docs-dita-tools/dita-ot/plugins/com.oxygenxml.highlight/lib/xslthl-2.1.4.jar:/Users/robwill/repos/docs-dita-tools/dita-ot/plugins/com.oxygenxml.highlight/lib/xslthl-saxonhe-extension-function.jar:/Users/robwill/repos/docs-dita-tools/dita-ot/plugins/com.synopsys.sig.docs.sig-html5-1file/java/RemoveChunk.jar:/Users/robwill/repos/docs-dita-tools/dita-ot/plugins/org.dita.eclipsehelp/lib/eclipsehelp.jar:/Users/robwill/repos/docs-dita-tools/dita-ot/plugins/org.dita.htmlhelp/lib/htmlhelp.jar:/Users/robwill/repos/docs-dita-tools/dita-ot/plugins/org.dita.index/lib/index.jar:/Users/robwill/repos/docs-dita-tools/dita-ot/plugins/org.dita.pdf2/lib/fo.jar:/Users/robwill/repos/docs-dita-tools/dita-ot/plugins/org.dita.pdf2.axf/lib/axf.jar:/Users/robwill/repos/docs-dita-tools/dita-ot/plugins/org.dita.pdf2.fop/lib/batik-all-1.12.jar:/Users/robwill/repos/docs-dita-tools/dita-ot/plugins/org.dita.pdf2.fop/lib/fontbox-2.0.17.jar:/Users/robwill/repos/docs-dita-tools/dita-ot/plugins/org.dita.pdf2.fop/lib/fop-2.4.jar:/Users/robwill/repos/docs-dita-tools/dita-ot/plugins/org.dita.pdf2.fop/lib/fop-pdf-images-2.4.jar:/Users/robwill/repos/docs-dita-tools/dita-ot/plugins/org.dita.pdf2.fop/lib/jcl-over-slf4j-1.7.25.jar:/Users/robwill/repos/docs-dita-tools/dita-ot/plugins/org.dita.pdf2.fop/lib/xml-apis-ext-1.3.04.jar:/Users/robwill/repos/docs-dita-tools/dita-ot/plugins/org.dita.pdf2.fop/lib/pdfbox-2.0.17.jar:/Users/robwill/repos/docs-dita-tools/dita-ot/plugins/org.dita.pdf2.fop/lib/slf4j-api-1.7.25.jar:/Users/robwill/repos/docs-dita-tools/dita-ot/plugins/org.dita.pdf2.fop/lib/xmlgraphics-commons-2.4.jar:/Users/robwill/repos/docs-dita-tools/dita-ot/plugins/org.dita.pdf2.xep/lib/xep.jar:/Users/robwill/repos/docs-dita-tools/dita-ot/plugins/org.lwdita/lib/org.lwdita-2.4.0.jar:/Users/robwill/repos/docs-dita-tools/dita-ot/plugins/org.lwdita/lib/htmlparser-1.4.jar:/Users/robwill/repos/docs-dita-tools/dita-ot/plugins/org.lwdita/lib/flexmark-profile-pegdown-0.50.18.jar:/Users/robwill/repos/docs-dita-tools/dita-ot/plugins/org.lwdita/lib/flexmark-ext-abbreviation-0.50.18.jar:/Users/robwill/repos/docs-dita-tools/dita-ot/plugins/org.lwdita/lib/flexmark-ext-anchorlink-0.50.18.jar:/Users/robwill/repos/docs-dita-tools/dita-ot/plugins/org.lwdita/lib/flexmark-ext-aside-0.50.18.jar:/Users/robwill/repos/docs-dita-tools/dita-ot/plugins/org.lwdita/lib/flexmark-ext-autolink-0.50.18.jar:/Users/robwill/repos/docs-dita-tools/dita-ot/plugins/org.lwdita/lib/flexmark-ext-definition-0.50.18.jar:/Users/robwill/repos/docs-dita-tools/dita-ot/plugins/org.lwdita/lib/flexmark-html-parser-0.50.18.jar:/Users/robwill/repos/docs-dita-tools/dita-ot/plugins/org.lwdita/lib/flexmark-ext-escaped-character-0.50.18.jar:/Users/robwill/repos/docs-dita-tools/dita-ot/plugins/org.lwdita/lib/flexmark-ext-footnotes-0.50.18.jar:/Users/robwill/repos/docs-dita-tools/dita-ot/plugins/org.lwdita/lib/flexmark-jira-converter-0.50.18.jar:/Users/robwill/repos/docs-dita-tools/dita-ot/plugins/org.lwdita/lib/flexmark-youtrack-converter-0.50.18.jar:/Users/robwill/repos/docs-dita-tools/dita-ot/plugins/org.lwdita/lib/flexmark-ext-gfm-strikethrough-0.50.18.jar:/Users/robwill/repos/docs-dita-tools/dita-ot/plugins/org.lwdita/lib/flexmark-ext-gfm-tables-0.50.18.jar:/Users/robwill/repos/docs-dita-tools/dita-ot/plugins/org.lwdita/lib/flexmark-ext-gfm-tasklist-0.50.18.jar:/Users/robwill/repos/docs-dita-tools/dita-ot/plugins/org.lwdita/lib/flexmark-ext-jekyll-front-matter-0.50.18.jar:/Users/robwill/repos/docs-dita-tools/dita-ot/plugins/org.lwdita/lib/flexmark-ext-jekyll-tag-0.50.18.jar:/Users/robwill/repos/docs-dita-tools/dita-ot/plugins/org.lwdita/lib/flexmark-ext-ins-0.50.18.jar:/Users/robwill/repos/docs-dita-tools/dita-ot/plugins/org.lwdita/lib/flexmark-ext-superscript-0.50.18.jar:/Users/robwill/repos/docs-dita-tools/dita-ot/plugins/org.lwdita/lib/flexmark-ext-tables-0.50.18.jar:/Users/robwill/repos/docs-dita-tools/dita-ot/plugins/org.lwdita/lib/flexmark-ext-toc-0.50.18.jar:/Users/robwill/repos/docs-dita-tools/dita-ot/plugins/org.lwdita/lib/flexmark-ext-typographic-0.50.18.jar:/Users/robwill/repos/docs-dita-tools/dita-ot/plugins/org.lwdita/lib/flexmark-ext-wikilink-0.50.18.jar:/Users/robwill/repos/docs-dita-tools/dita-ot/plugins/org.lwdita/lib/flexmark-ext-yaml-front-matter-0.50.18.jar:/Users/robwill/repos/docs-dita-tools/dita-ot/plugins/org.lwdita/lib/flexmark-formatter-0.50.18.jar:/Users/robwill/repos/docs-dita-tools/dita-ot/plugins/org.lwdita/lib/flexmark-0.50.18.jar:/Users/robwill/repos/docs-dita-tools/dita-ot/plugins/org.lwdita/lib/flexmark-util-0.50.18.jar:/Users/robwill/repos/docs-dita-tools/dita-ot/plugins/org.lwdita/lib/autolink-0.6.0.jar:/Users/robwill/repos/docs-dita-tools/dita-ot/lib/Saxon-HE-9.9.1-7.jar:/Users/robwill/repos/docs-dita-tools/dita-ot/lib/commons-io-2.6.jar:/Users/robwill/repos/docs-dita-tools/dita-ot/config/:/Applications/Oxygen XML Editor/classes:/Applications/Oxygen XML Editor/lib/oxygen.jar:/Applications/Oxygen XML Editor/lib/oxygenAuthor.jar:/Applications/Oxygen XML Editor/lib/oxygenDeveloper.jar:/Applications/Oxygen XML Editor/lib/oxygenEclipse.jar:/Applications/Oxygen XML Editor/lib/oxygenAuthorEclipse.jar:/Applications/Oxygen XML Editor/lib/oxygenDeveloperEclipse.jar:/Applications/Oxygen XML Editor/lib/oxygenCommons.jar:/Applications/Oxygen XML Editor/lib/oxygen-editor-variables-parser.jar:/Applications/Oxygen XML Editor/lib/oxygen-sandbox.jar:/Applications/Oxygen XML Editor/lib/oxygen-license.jar:/Applications/Oxygen XML Editor/lib/oxygen-patched-resolver.jar:/Applications/Oxygen XML Editor/lib/oxygen-token-markers.jar:/Applications/Oxygen XML Editor/lib/org.eclipse.wst.xml.xpath2.processor_1.2.0.jar:/Applications/Oxygen XML Editor/lib/xml-apis.jar:/Applications/Oxygen XML Editor/lib/oxygen-patched-xerces.jar:/Applications/Oxygen XML Editor/lib/commons-io-2.8.0.jar:/Applications/Oxygen XML Editor/lib/commons-logging-1.2.jar:/Applications/Oxygen XML Editor/lib/jcl-over-slf4j-1.7.32.jar:/Applications/Oxygen XML Editor/lib/commons-codec-1.14.jar:/Applications/Oxygen XML Editor/lib/oxygen-patched-jing.jar:/Applications/Oxygen XML Editor/lib/oxygen-patched-saxon-10.jar:/Applications/Oxygen XML Editor/lib/oxygen-patched-saxon-6.jar:/Applications/Oxygen XML Editor/lib/oxygen-patched-xmlgraphics.jar:/Applications/Oxygen XML Editor/lib/jeuclid-fop.jar:/Applications/Oxygen XML Editor/lib/oxygen-patched-fop.jar:/Applications/Oxygen XML Editor/lib/pdfbox-2.0.19.jar:/Applications/Oxygen XML Editor/lib/fop-pdf-images-2.6.jar:/Applications/Oxygen XML Editor/lib/oxygen-patched-batik.jar:/Applications/Oxygen XML Editor/lib/js.jar:/Applications/Oxygen XML Editor/lib/nekohtml.jar:/Applications/Oxygen XML Editor/lib/xml-apis-ext.jar:/Applications/Oxygen XML Editor/lib/oxygen-patched-jeuclid-core.jar:/Applications/Oxygen XML Editor/lib/jeuclid-fop.jar:/Applications/Oxygen XML Editor/lib/oxygen-jai-tiff.jar:/Users/robwill/repos/docs-dita-tools/dita-ot/:/Users/robwill/repos/docs-dita-tools/dita-ot/target/classes:/Users/robwill/repos/docs-dita-tools/dita-ot/lib/xercesImpl-2.12.0.jar:/Users/robwill/repos/docs-dita-tools/dita-ot/lib/dost.jar:/Users/robwill/repos/docs-dita-tools/dita-ot/lib/Saxon-HE-9.9.1-7.jar:/Users/robwill/repos/docs-dita-tools/dita-ot/lib/slf4j-api-1.7.25.jar:/Users/robwill/repos/docs-dita-tools/dita-ot/lib/dost-configuration.jar:/Users/robwill/repos/docs-dita-tools/dita-ot/lib/ant.jar:/Users/robwill/repos/docs-dita-tools/dita-ot/lib/logback-classic-1.2.3.jar:/Users/robwill/repos/docs-dita-tools/dita-ot/lib/jackson-core-2.11.0.jar:/Users/robwill/repos/docs-dita-tools/dita-ot/lib/snakeyaml-1.26.jar:/Users/robwill/repos/docs-dita-tools/dita-ot/lib/jing-20181222.jar:/Users/robwill/repos/docs-dita-tools/dita-ot/lib/xml-resolver-1.2.jar:/Users/robwill/repos/docs-dita-tools/dita-ot/lib/commons-io-2.6.jar:/Users/robwill/repos/docs-dita-tools/dita-ot/lib/ant-launcher.jar:/Users/robwill/repos/docs-dita-tools/dita-ot/lib/xml-apis-1.4.01.jar:/Users/robwill/repos/docs-dita-tools/dita-ot/lib/jackson-databind-2.11.0.jar:/Users/robwill/repos/docs-dita-tools/dita-ot/lib/jackson-annotations-2.11.0.jar:/Users/robwill/repos/docs-dita-tools/dita-ot/lib/logback-core-1.2.3.jar:/Users/robwill/repos/docs-dita-tools/dita-ot/lib/isorelax-20030108.jar:/Users/robwill/repos/docs-dita-tools/dita-ot/lib/jackson-dataformat-yaml-2.11.0.jar:/Users/robwill/repos/docs-dita-tools/dita-ot/lib/guava-25.1-jre.jar:/Users/robwill/repos/docs-dita-tools/dita-ot/lib/ant-apache-resolver-1.10.8.jar:/Users/robwill/repos/docs-dita-tools/dita-ot/lib/icu4j-61.1.jar:/Users/robwill/repos/docs-dita-tools/dita-ot/lib/:/Users/robwill/repos/docs-dita-tools/dita-ot/lib/xercesImpl-2.12.0.jar:/Users/robwill/repos/docs-dita-tools/dita-ot/lib/dost.jar:/Users/robwill/repos/docs-dita-tools/dita-ot/lib/slf4j-api-1.7.25.jar:/Users/robwill/repos/docs-dita-tools/dita-ot/lib/dost-configuration.jar:/Users/robwill/repos/docs-dita-tools/dita-ot/lib/ant.jar:/Users/robwill/repos/docs-dita-tools/dita-ot/lib/logback-classic-1.2.3.jar:/Users/robwill/repos/docs-dita-tools/dita-ot/lib/jackson-core-2.11.0.jar:/Users/robwill/repos/docs-dita-tools/dita-ot/lib/snakeyaml-1.26.jar:/Users/robwill/repos/docs-dita-tools/dita-ot/lib/jing-20181222.jar:/Users/robwill/repos/docs-dita-tools/dita-ot/lib/xml-resolver-1.2.jar:/Users/robwill/repos/docs-dita-tools/dita-ot/lib/ant-launcher.jar:/Users/robwill/repos/docs-dita-tools/dita-ot/lib/xml-apis-1.4.01.jar:/Users/robwill/repos/docs-dita-tools/dita-ot/lib/jackson-databind-2.11.0.jar:/Users/robwill/repos/docs-dita-tools/dita-ot/lib/jackson-annotations-2.11.0.jar:/Users/robwill/repos/docs-dita-tools/dita-ot/lib/logback-core-1.2.3.jar:/Users/robwill/repos/docs-dita-tools/dita-ot/lib/isorelax-20030108.jar:/Users/robwill/repos/docs-dita-tools/dita-ot/lib/jackson-dataformat-yaml-2.11.0.jar:/Users/robwill/repos/docs-dita-tools/dita-ot/lib/guava-25.1-jre.jar:/Users/robwill/repos/docs-dita-tools/dita-ot/lib/ant-apache-resolver-1.10.8.jar:/Users/robwill/repos/docs-dita-tools/dita-ot/lib/icu4j-61.1.jar:/Applications/Oxygen XML Editor/tools/ant/lib/ant-commons-net.jar:/Applications/Oxygen XML Editor/tools/ant/lib/ant-junit4.jar:/Applications/Oxygen XML Editor/tools/ant/lib/ant-jai.jar:/Applications/Oxygen XML Editor/tools/ant/lib/ant-apache-resolver.jar:/Applications/Oxygen XML Editor/tools/ant/lib/ant-jdepend.jar:/Applications/Oxygen XML Editor/tools/ant/lib/ant-apache-regexp.jar:/Applications/Oxygen XML Editor/tools/ant/lib/ant-apache-log4j.jar:/Applications/Oxygen XML Editor/tools/ant/lib/ant-javamail.jar:/Applications/Oxygen XML Editor/tools/ant/lib/ant-apache-bcel.jar:/Applications/Oxygen XML Editor/tools/ant/lib/ant.jar:/Applications/Oxygen XML Editor/tools/ant/lib/ant-netrexx.jar:/Applications/Oxygen XML Editor/tools/ant/lib/ant-swing.jar:/Applications/Oxygen XML Editor/tools/ant/lib/ant-jsch.jar:/Applications/Oxygen XML Editor/tools/ant/lib/ant-junit.jar:/Applications/Oxygen XML Editor/tools/ant/lib/ant-launcher.jar:/Applications/Oxygen XML Editor/tools/ant/lib/ant-antlr.jar:/Applications/Oxygen XML Editor/tools/ant/lib/ant-contrib-1.0b3.jar:/Applications/Oxygen XML Editor/tools/ant/lib/ant-testutil.jar:/Applications/Oxygen XML Editor/tools/ant/lib/ant-apache-oro.jar:/Applications/Oxygen XML Editor/tools/ant/lib/ant-jmf.jar:/Applications/Oxygen XML Editor/tools/ant/lib/ant-apache-xalan2.jar:/Applications/Oxygen XML Editor/tools/ant/lib/ant-apache-bsf.jar:/Applications/Oxygen XML Editor/tools/ant/lib/ant-commons-logging.jar" />
	<property name="java.class.version" value="61.0" />
	<property name="java.home" value="/Applications/Oxygen XML Editor/.install4j/jre.bundle/Contents/Home" />
	<property name="java.io.tmpdir" value="/var/folders/xf/nc_y964554l_vg2gg5n7zh1h0000gn/T/" />
	<property name="java.library.path" value="/Users/robwill/Library/Java/Extensions:/Library/Java/Extensions:/Network/Library/Java/Extensions:/System/Library/Java/Extensions:/usr/lib/java:." />
	<property name="java.runtime.name" value="OpenJDK Runtime Environment" />
	<property name="java.runtime.version" value="17.0.2+8-86" />
	<property name="java.specification.name" value="Java Platform API Specification" />
	<property name="java.specification.vendor" value="Oracle Corporation" />
	<property name="java.specification.version" value="17" />
	<property name="java.vendor" value="Oracle Corporation" />
	<property name="java.vendor.url" value="https://java.oracle.com/" />
	<property name="java.vendor.url.bug" value="https://bugreport.java.com/bugreport/" />
	<property name="java.version" value="17.0.2" />
	<property name="java.version.date" value="2022-01-18" />
	<property name="java.vm.compressedOopsMode" value="Zero based" />
	<property name="java.vm.info" value="mixed mode" />
	<property name="java.vm.name" value="OpenJDK 64-Bit Server VM" />
	<property name="java.vm.specification.name" value="Java Virtual Machine Specification" />
	<property name="java.vm.specification.vendor" value="Oracle Corporation" />
	<property name="java.vm.specification.version" value="17" />
	<property name="java.vm.vendor" value="Oracle Corporation" />
	<property name="java.vm.version" value="17.0.2+8-86" />
	<property name="jdk.debug" value="release" />
	<property name="line.separator" value="&#xa;" />
	<property name="link-crawl" value="topic" />
	<property name="mapref.workdir" value="/Users/robwill/repos/report-generator-doc/src/en/temp/sig-webhelp" />
	<property name="native.encoding" value="UTF-8" />
	<property name="onlytopic.in.map" value="false" />
	<property name="onlytopicinmap" value="false" />
	<property name="org.dita.pdf2.i18n.enabled" value="true" />
	<property name="os.arch" value="x86_64" />
	<property name="os.name" value="Mac OS X" />
	<property name="os.version" value="13.4.1" />
	<property name="otrelease" value="3.5" />
	<property name="otversion" value="3.5.4" />
	<property name="out.ext" value=".html" />
	<property name="outer.control" value="warn" />
	<property name="outercontrol" value="WARN" />
	<property name="output.dir" value="/Users/robwill/repos/report-generator-doc/src/en/out/sig-webhelp" />
	<property name="outputdir" value="/Users/robwill/repos/report-generator-doc/src/en/out/sig-webhelp" />
	<property name="oxygen.org.apache.xerces.xni.parser.XMLParserConfiguration" value="org.ditang.relaxng.defaults.RelaxDefaultsParserConfiguration" />
	<property name="parser.hdita" value="com.elovirta.dita.html.HDitaReader" />
	<property name="parser.markdown" value="com.elovirta.dita.markdown.MarkdownReader" />
	<property name="parser.md" value="com.elovirta.dita.markdown.MarkdownReader" />
	<property name="parser.mdita" value="com.elovirta.dita.markdown.MDitaReader" />
	<property name="path.separator" value=":" />
	<property name="plugin.com.oxygenxml.common.dir" value="plugins/com.oxygenxml.common" />
	<property name="plugin.com.oxygenxml.editlink.dir" value="plugins/com.oxygenxml.editlink" />
	<property name="plugin.com.oxygenxml.export.map.dir" value="plugins/com.oxygenxml.export.map" />
	<property name="plugin.com.oxygenxml.highlight.dir" value="plugins/com.oxygenxml.highlight" />
	<property name="plugin.com.oxygenxml.html.embed.dir" value="plugins/com.oxygenxml.html.embed" />
	<property name="plugin.com.oxygenxml.pdf.css.dir" value="plugins/com.oxygenxml.pdf.css" />
	<property name="plugin.com.oxygenxml.pdf.custom.dir" value="plugins/com.oxygenxml.pdf.custom" />
	<property name="plugin.com.oxygenxml.pdf.review.dir" value="plugins/com.oxygenxml.pdf.review" />
	<property name="plugin.com.oxygenxml.webhelp.common.dir" value="plugins/com.oxygenxml.webhelp.common" />
	<property name="plugin.com.oxygenxml.webhelp.responsive.dir" value="plugins/com.oxygenxml.webhelp.responsive" />
	<property name="plugin.com.synopsys.cov.resx.dir" value="plugins/com.synopsys.cov.resx" />
	<property name="plugin.com.synopsys.pdf.dir" value="plugins/com.synopsys.pdf" />
	<property name="plugin.com.synopsys.sig.docs.doctypes.dir" value="plugins/com.synopsys.sig.docs.doctypes" />
	<property name="plugin.com.synopsys.sig.docs.sig-html5-1file.dir" value="plugins/com.synopsys.sig.docs.sig-html5-1file" />
	<property name="plugin.com.synopsys.sig.docs.sig-html5.dir" value="plugins/com.synopsys.sig.docs.sig-html5" />
	<property name="plugin.com.synopsys.sig.docs.sig-pdf.dir" value="plugins/com.synopsys.sig.docs.sig-pdf" />
	<property name="plugin.com.synopsys.sig.docs.sig-webhelp.dir" value="plugins/com.synopsys.sig.docs.sig-webhelp" />
	<property name="plugin.com.zoominsoftware.swagger.dir" value="plugins/com.zoominsoftware.swagger" />
	<property name="plugin.ignores" value="" />
	<property name="plugin.order" value="org.dita.base org.oasis-open.dita.v1_3 org.oasis-open.dita.v1_2" />
	<property name="plugin.org.dita.base.dir" value="plugins/org.dita.base" />
	<property name="plugin.org.dita.eclipsehelp.dir" value="plugins/org.dita.eclipsehelp" />
	<property name="plugin.org.dita.html5.dir" value="plugins/org.dita.html5" />
	<property name="plugin.org.dita.htmlhelp.dir" value="plugins/org.dita.htmlhelp" />
	<property name="plugin.org.dita.index.dir" value="plugins/org.dita.index" />
	<property name="plugin.org.dita.normalize.dir" value="plugins/org.dita.normalize" />
	<property name="plugin.org.dita.pdf2.axf.dir" value="plugins/org.dita.pdf2.axf" />
	<property name="plugin.org.dita.pdf2.dir" value="plugins/org.dita.pdf2" />
	<property name="plugin.org.dita.pdf2.fop.dir" value="plugins/org.dita.pdf2.fop" />
	<property name="plugin.org.dita.pdf2.xep.dir" value="plugins/org.dita.pdf2.xep" />
	<property name="plugin.org.dita.specialization.dita11.dir" value="plugins/org.dita.specialization.dita11" />
	<property name="plugin.org.dita.xhtml.dir" value="plugins/org.dita.xhtml" />
	<property name="plugin.org.lwdita.dir" value="plugins/org.lwdita" />
	<property name="plugin.org.oasis-open.dita.techcomm.v2_0.dir" value="plugins/org.oasis-open.dita.techcomm.v2_0" />
	<property name="plugin.org.oasis-open.dita.v1_2.dir" value="plugins/org.oasis-open.dita.v1_2" />
	<property name="plugin.org.oasis-open.dita.v1_3.dir" value="plugins/org.oasis-open.dita.v1_3" />
	<property name="plugin.org.oasis-open.dita.v2_0.dir" value="plugins/org.oasis-open.dita.v2_0" />
	<property name="plugin.org.oasis-open.xdita.v0_2_2.dir" value="plugins/org.oasis-open.xdita.v0_2_2" />
	<property name="plugindirs" value="plugins;demo" />
	<property name="preprocess.copy-flag.skip" value="true" />
	<property name="preprocess.profile.skip" value="true" />
	<property name="print_transtypes" value="pdf-css-html5;pdf;pdf2;resx-props;pdf-css-html5-single-topic;synopsyspdf;sig-pdf" />
	<property name="processing-mode" value="lax" />
	<property name="registry" value="https://plugins.dita-ot.org/" />
	<property name="relflagimagefile" value="relflagimage.list" />
	<property name="relflagimagelist" value="" />
	<property name="sig-html5.dir" value="/Users/robwill/repos/docs-dita-tools/dita-ot/plugins/com.synopsys.sig.docs.sig-html5" />
	<property name="sig-webhelp.dir" value="/Users/robwill/repos/docs-dita-tools/dita-ot/plugins/com.synopsys.sig.docs.sig-webhelp" />
	<property name="sig.dir" value="/Users/robwill/repos/docs-dita-tools/dita-ot/plugins/com.synopsys.sig.docs.sig-html5-1file" />
	<property name="sun.arch.data.model" value="64" />
	<property name="sun.boot.library.path" value="/Applications/Oxygen XML Editor/.install4j/jre.bundle/Contents/Home/lib" />
	<property name="sun.cpu.endian" value="little" />
	<property name="sun.io.unicode.encoding" value="UnicodeBig" />
	<property name="sun.java.command" value="org.apache.tools.ant.launch.Launcher -lib /Users/robwill/repos/docs-dita-tools/dita-ot/plugins/com.oxygenxml.common/lib/jakarta.xml.bind-api-2.3.3.jar -lib /Users/robwill/repos/docs-dita-tools/dita-ot/plugins/com.oxygenxml.common/lib/jaxb-impl-2.3.3.jar -lib /Users/robwill/repos/docs-dita-tools/dita-ot/plugins/com.oxygenxml.common/lib/jakarta.activation-1.2.2.jar -lib /Users/robwill/repos/docs-dita-tools/dita-ot/plugins/com.oxygenxml.common/lib/ant-contrib-1.0b3.jar -lib /Users/robwill/repos/docs-dita-tools/dita-ot/plugins/com.oxygenxml.common/lib/oxygen-dita-publishing-ant-extensions.jar -lib /Users/robwill/repos/docs-dita-tools/dita-ot/plugins/com.oxygenxml.common/lib/oxygen-dita-publishing-xslt-extensions.jar -lib /Users/robwill/repos/docs-dita-tools/dita-ot/plugins/com.oxygenxml.highlight/lib/xslthl-2.1.4.jar -lib /Users/robwill/repos/docs-dita-tools/dita-ot/plugins/com.oxygenxml.highlight/lib/xslthl-saxonhe-extension-function.jar -lib /Users/robwill/repos/docs-dita-tools/dita-ot/plugins/com.synopsys.sig.docs.sig-html5-1file/java/RemoveChunk.jar -lib /Users/robwill/repos/docs-dita-tools/dita-ot/plugins/org.dita.eclipsehelp/lib/eclipsehelp.jar -lib /Users/robwill/repos/docs-dita-tools/dita-ot/plugins/org.dita.htmlhelp/lib/htmlhelp.jar -lib /Users/robwill/repos/docs-dita-tools/dita-ot/plugins/org.dita.index/lib/index.jar -lib /Users/robwill/repos/docs-dita-tools/dita-ot/plugins/org.dita.pdf2/lib/fo.jar -lib /Users/robwill/repos/docs-dita-tools/dita-ot/plugins/org.dita.pdf2.axf/lib/axf.jar -lib /Users/robwill/repos/docs-dita-tools/dita-ot/plugins/org.dita.pdf2.fop/lib/batik-all-1.12.jar -lib /Users/robwill/repos/docs-dita-tools/dita-ot/plugins/org.dita.pdf2.fop/lib/fontbox-2.0.17.jar -lib /Users/robwill/repos/docs-dita-tools/dita-ot/plugins/org.dita.pdf2.fop/lib/fop-2.4.jar -lib /Users/robwill/repos/docs-dita-tools/dita-ot/plugins/org.dita.pdf2.fop/lib/fop-pdf-images-2.4.jar -lib /Users/robwill/repos/docs-dita-tools/dita-ot/plugins/org.dita.pdf2.fop/lib/jcl-over-slf4j-1.7.25.jar -lib /Users/robwill/repos/docs-dita-tools/dita-ot/plugins/org.dita.pdf2.fop/lib/xml-apis-ext-1.3.04.jar -lib /Users/robwill/repos/docs-dita-tools/dita-ot/plugins/org.dita.pdf2.fop/lib/pdfbox-2.0.17.jar -lib /Users/robwill/repos/docs-dita-tools/dita-ot/plugins/org.dita.pdf2.fop/lib/slf4j-api-1.7.25.jar -lib /Users/robwill/repos/docs-dita-tools/dita-ot/plugins/org.dita.pdf2.fop/lib/xmlgraphics-commons-2.4.jar -lib /Users/robwill/repos/docs-dita-tools/dita-ot/plugins/org.dita.pdf2.xep/lib/xep.jar -lib /Users/robwill/repos/docs-dita-tools/dita-ot/plugins/org.lwdita/lib/org.lwdita-2.4.0.jar -lib /Users/robwill/repos/docs-dita-tools/dita-ot/plugins/org.lwdita/lib/htmlparser-1.4.jar -lib /Users/robwill/repos/docs-dita-tools/dita-ot/plugins/org.lwdita/lib/flexmark-profile-pegdown-0.50.18.jar -lib /Users/robwill/repos/docs-dita-tools/dita-ot/plugins/org.lwdita/lib/flexmark-ext-abbreviation-0.50.18.jar -lib /Users/robwill/repos/docs-dita-tools/dita-ot/plugins/org.lwdita/lib/flexmark-ext-anchorlink-0.50.18.jar -lib /Users/robwill/repos/docs-dita-tools/dita-ot/plugins/org.lwdita/lib/flexmark-ext-aside-0.50.18.jar -lib /Users/robwill/repos/docs-dita-tools/dita-ot/plugins/org.lwdita/lib/flexmark-ext-autolink-0.50.18.jar -lib /Users/robwill/repos/docs-dita-tools/dita-ot/plugins/org.lwdita/lib/flexmark-ext-definition-0.50.18.jar -lib /Users/robwill/repos/docs-dita-tools/dita-ot/plugins/org.lwdita/lib/flexmark-html-parser-0.50.18.jar -lib /Users/robwill/repos/docs-dita-tools/dita-ot/plugins/org.lwdita/lib/flexmark-ext-escaped-character-0.50.18.jar -lib /Users/robwill/repos/docs-dita-tools/dita-ot/plugins/org.lwdita/lib/flexmark-ext-footnotes-0.50.18.jar -lib /Users/robwill/repos/docs-dita-tools/dita-ot/plugins/org.lwdita/lib/flexmark-jira-converter-0.50.18.jar -lib /Users/robwill/repos/docs-dita-tools/dita-ot/plugins/org.lwdita/lib/flexmark-youtrack-converter-0.50.18.jar -lib /Users/robwill/repos/docs-dita-tools/dita-ot/plugins/org.lwdita/lib/flexmark-ext-gfm-strikethrough-0.50.18.jar -lib /Users/robwill/repos/docs-dita-tools/dita-ot/plugins/org.lwdita/lib/flexmark-ext-gfm-tables-0.50.18.jar -lib /Users/robwill/repos/docs-dita-tools/dita-ot/plugins/org.lwdita/lib/flexmark-ext-gfm-tasklist-0.50.18.jar -lib /Users/robwill/repos/docs-dita-tools/dita-ot/plugins/org.lwdita/lib/flexmark-ext-jekyll-front-matter-0.50.18.jar -lib /Users/robwill/repos/docs-dita-tools/dita-ot/plugins/org.lwdita/lib/flexmark-ext-jekyll-tag-0.50.18.jar -lib /Users/robwill/repos/docs-dita-tools/dita-ot/plugins/org.lwdita/lib/flexmark-ext-ins-0.50.18.jar -lib /Users/robwill/repos/docs-dita-tools/dita-ot/plugins/org.lwdita/lib/flexmark-ext-superscript-0.50.18.jar -lib /Users/robwill/repos/docs-dita-tools/dita-ot/plugins/org.lwdita/lib/flexmark-ext-tables-0.50.18.jar -lib /Users/robwill/repos/docs-dita-tools/dita-ot/plugins/org.lwdita/lib/flexmark-ext-toc-0.50.18.jar -lib /Users/robwill/repos/docs-dita-tools/dita-ot/plugins/org.lwdita/lib/flexmark-ext-typographic-0.50.18.jar -lib /Users/robwill/repos/docs-dita-tools/dita-ot/plugins/org.lwdita/lib/flexmark-ext-wikilink-0.50.18.jar -lib /Users/robwill/repos/docs-dita-tools/dita-ot/plugins/org.lwdita/lib/flexmark-ext-yaml-front-matter-0.50.18.jar -lib /Users/robwill/repos/docs-dita-tools/dita-ot/plugins/org.lwdita/lib/flexmark-formatter-0.50.18.jar -lib /Users/robwill/repos/docs-dita-tools/dita-ot/plugins/org.lwdita/lib/flexmark-0.50.18.jar -lib /Users/robwill/repos/docs-dita-tools/dita-ot/plugins/org.lwdita/lib/flexmark-util-0.50.18.jar -lib /Users/robwill/repos/docs-dita-tools/dita-ot/plugins/org.lwdita/lib/autolink-0.6.0.jar -lib /Users/robwill/repos/docs-dita-tools/dita-ot/lib/Saxon-HE-9.9.1-7.jar -lib /Users/robwill/repos/docs-dita-tools/dita-ot/lib/commons-io-2.6.jar -lib /Users/robwill/repos/docs-dita-tools/dita-ot/config -lib /Applications/Oxygen XML Editor/classes -lib /Applications/Oxygen XML Editor/lib/oxygen.jar -lib /Applications/Oxygen XML Editor/lib/oxygenAuthor.jar -lib /Applications/Oxygen XML Editor/lib/oxygenDeveloper.jar -lib /Applications/Oxygen XML Editor/lib/oxygenEclipse.jar -lib /Applications/Oxygen XML Editor/lib/oxygenAuthorEclipse.jar -lib /Applications/Oxygen XML Editor/lib/oxygenDeveloperEclipse.jar -lib /Applications/Oxygen XML Editor/lib/oxygenCommons.jar -lib /Applications/Oxygen XML Editor/lib/oxygen-editor-variables-parser.jar -lib /Applications/Oxygen XML Editor/lib/oxygen-sandbox.jar -lib /Applications/Oxygen XML Editor/lib/oxygen-license.jar -lib /Applications/Oxygen XML Editor/lib/oxygen-patched-resolver.jar -lib /Applications/Oxygen XML Editor/lib/oxygen-token-markers.jar -lib /Applications/Oxygen XML Editor/lib/org.eclipse.wst.xml.xpath2.processor_1.2.0.jar -lib /Applications/Oxygen XML Editor/lib/xml-apis.jar -lib /Applications/Oxygen XML Editor/lib/oxygen-patched-xerces.jar -lib /Applications/Oxygen XML Editor/lib/commons-io-2.8.0.jar -lib /Applications/Oxygen XML Editor/lib/commons-logging-1.2.jar -lib /Applications/Oxygen XML Editor/lib/jcl-over-slf4j-1.7.32.jar -lib /Applications/Oxygen XML Editor/lib/commons-codec-1.14.jar -lib /Applications/Oxygen XML Editor/lib/oxygen-patched-jing.jar -lib /Applications/Oxygen XML Editor/lib/oxygen-patched-saxon-10.jar -lib /Applications/Oxygen XML Editor/lib/oxygen-patched-saxon-6.jar -lib /Applications/Oxygen XML Editor/lib/oxygen-patched-xmlgraphics.jar -lib /Applications/Oxygen XML Editor/lib/jeuclid-fop.jar -lib /Applications/Oxygen XML Editor/lib/oxygen-patched-fop.jar -lib /Applications/Oxygen XML Editor/lib/pdfbox-2.0.19.jar -lib /Applications/Oxygen XML Editor/lib/fop-pdf-images-2.6.jar -lib /Applications/Oxygen XML Editor/lib/oxygen-patched-batik.jar -lib /Applications/Oxygen XML Editor/lib/js.jar -lib /Applications/Oxygen XML Editor/lib/nekohtml.jar -lib /Applications/Oxygen XML Editor/lib/xml-apis-ext.jar -lib /Applications/Oxygen XML Editor/lib/oxygen-patched-jeuclid-core.jar -lib /Applications/Oxygen XML Editor/lib/jeuclid-fop.jar -lib /Applications/Oxygen XML Editor/lib/oxygen-jai-tiff.jar -lib /Users/robwill/repos/docs-dita-tools/dita-ot -lib /Users/robwill/repos/docs-dita-tools/dita-ot/target/classes -lib /Users/robwill/repos/docs-dita-tools/dita-ot/lib -lib /Users/robwill/repos/docs-dita-tools/dita-ot/lib/xercesImpl-2.12.0.jar -lib /Users/robwill/repos/docs-dita-tools/dita-ot/lib/dost.jar -lib /Users/robwill/repos/docs-dita-tools/dita-ot/lib/slf4j-api-1.7.25.jar -lib /Users/robwill/repos/docs-dita-tools/dita-ot/lib/dost-configuration.jar -lib /Users/robwill/repos/docs-dita-tools/dita-ot/lib/ant.jar -lib /Users/robwill/repos/docs-dita-tools/dita-ot/lib/logback-classic-1.2.3.jar -lib /Users/robwill/repos/docs-dita-tools/dita-ot/lib/jackson-core-2.11.0.jar -lib /Users/robwill/repos/docs-dita-tools/dita-ot/lib/snakeyaml-1.26.jar -lib /Users/robwill/repos/docs-dita-tools/dita-ot/lib/jing-20181222.jar -lib /Users/robwill/repos/docs-dita-tools/dita-ot/lib/xml-resolver-1.2.jar -lib /Users/robwill/repos/docs-dita-tools/dita-ot/lib/ant-launcher.jar -lib /Users/robwill/repos/docs-dita-tools/dita-ot/lib/xml-apis-1.4.01.jar -lib /Users/robwill/repos/docs-dita-tools/dita-ot/lib/jackson-databind-2.11.0.jar -lib /Users/robwill/repos/docs-dita-tools/dita-ot/lib/jackson-annotations-2.11.0.jar -lib /Users/robwill/repos/docs-dita-tools/dita-ot/lib/logback-core-1.2.3.jar -lib /Users/robwill/repos/docs-dita-tools/dita-ot/lib/isorelax-20030108.jar -lib /Users/robwill/repos/docs-dita-tools/dita-ot/lib/jackson-dataformat-yaml-2.11.0.jar -lib /Users/robwill/repos/docs-dita-tools/dita-ot/lib/guava-25.1-jre.jar -lib /Users/robwill/repos/docs-dita-tools/dita-ot/lib/ant-apache-resolver-1.10.8.jar -lib /Users/robwill/repos/docs-dita-tools/dita-ot/lib/icu4j-61.1.jar -f /Users/robwill/repos/docs-dita-tools/dita-ot/build.xml -Dtranstype=sig-webhelp -Dbasedir=/Users/robwill/repos/report-generator-doc/src/en -Doutput.dir=/Users/robwill/repos/report-generator-doc/src/en/out/sig-webhelp -Ddita.temp.dir=/Users/robwill/repos/report-generator-doc/src/en/temp/sig-webhelp -Dargs.input=/Users/robwill/repos/report-generator-doc/src/en/bm_reporting_platform_doc.ditamap -Ddita.dir=/Users/robwill/repos/docs-dita-tools/dita-ot -DbaseJVMArgLine=-Xmx384m -Djava.awt.headless=true" />
	<property name="sun.java.launcher" value="SUN_STANDARD" />
	<property name="sun.jnu.encoding" value="UTF-8" />
	<property name="sun.management.compiler" value="HotSpot 64-Bit Tiered Compilers" />
	<property name="supported_html_extensions" value=".html;.htm" />
	<property name="supported_image_extensions" value=".gif;.svg;.bmp;.jpg;.tif;.eps;.jpeg;.png;.tiff" />
	<property name="supported_resource_extensions" value=".pdf;.swf" />
	<property name="temp-file-name-scheme" value="org.dita.dost.module.reader.DefaultTempFileScheme" />
	<property name="tempdirToinputmapdir.relative.value" value="" />
	<property name="template.descriptor.name" value="" />
	<property name="transtype" value="sig-webhelp" />
	<property name="transtypes" value="webhelp-responsive;pdf;exportmap;pdf2;pdf-css-html5;pdf-css-html5-single-topic;webhelpCommons;html5;webhelp-responsive-preprocess2;resx-props;synopsyspdf;sig-html5;sig-html5-1file;sig-pdf;sig-webhelp;xhtml;eclipsehelp;htmlhelp;dita;markdown;markdown_github;markdown_gitbook" />
	<property name="uplevels" value="" />
	<property name="use.stemming" value="false" />
	<property name="user.country" value="US" />
	<property name="user.css.real" value="/Users/robwill/repos/docs-dita-tools/dita-ot/plugins/com.synopsys.sig.docs.sig-webhelp/css/custom.css" />
	<property name="user.csspath" value="" />
	<property name="user.dir" value="/Applications/Oxygen XML Editor/Oxygen XML Editor.app" />
	<property name="user.home" value="/Users/robwill" />
	<property name="user.input.dir" value="/Users/robwill/repos/report-generator-doc/src/en" />
	<property name="user.input.dir.uri" value="file:/Users/robwill/repos/report-generator-doc/src/en/" />
	<property name="user.input.file" value="bm_reporting_platform_doc.ditamap" />
	<property name="user.input.file.listfile" value="usr.input.file.list" />
	<property name="user.input.file.uri" value="bm_reporting_platform_doc.ditamap" />
	<property name="user.language" value="en" />
	<property name="user.name" value="robwill" />
	<property name="validate" value="true" />
	<property name="webhelp.build.number" value="2022030800" />
	<property name="webhelp.copy.resources.ant.file.path" value="/Users/robwill/repos/report-generator-doc/src/en/temp/sig-webhelp/wh-template-copy-resources.xml" />
	<property name="webhelp.default.xml.catalog.url" value="file:/Users/robwill/repos/docs-dita-tools/dita-ot/plugins/com.oxygenxml.webhelp.responsive/xsl/template_catalog.xml" />
	<property name="webhelp.enable.block.elements.id.generation" value="no" />
	<property name="webhelp.enable.html.fragments.cleanup" value="true" />
	<property name="webhelp.enable.search.autocomplete" value="true" />
	<property name="webhelp.enable.search.kuromoji.js" value="true" />
	<property name="webhelp.enable.sticky.header" value="yes" />
	<property name="webhelp.enable.sticky.publication.toc" value="yes" />
	<property name="webhelp.enable.sticky.topic.toc" value="yes" />
	<property name="webhelp.enable.template.js.module.loading" value="no" />
	<property name="webhelp.favicon" value="/Users/robwill/repos/docs-dita-tools/dita-ot/plugins/com.synopsys.sig.docs.sig-webhelp/imgs/synopsys.ico" />
	<property name="webhelp.feedback.block.level.comments" value="topic/p,topic/pre,topic/ul,topic/ol,topic/li,topic/table,topic/dl,topic/dlentry,topic/dt,topic/example,topic/fig,topic/lines,topic/lq,topic/msgblock,topic/note,topic/section,topic/simpletable,topic/sl,topic/sli,topic/syntaxdiagram,topic/draft-comment" />
	<property name="webhelp.feedback.block.level.comments.elements.to.exclude" value="ut-d/imagemap" />
	<property name="webhelp.fragment.footer" value="/Users/robwill/repos/docs-dita-tools/dita-ot/plugins/com.synopsys.sig.docs.sig-webhelp/html/footer.html" />
	<property name="webhelp.language" value="en-US" />
	<property name="webhelp.logo.image" value="/Users/robwill/repos/docs-dita-tools/dita-ot/plugins/com.synopsys.sig.docs.sig-webhelp/imgs/synopsys_color.png" />
	<property name="webhelp.not.indexed.elements" value="div.ignore,nav.wh_tools,footer,header.wh_header,div.wh_publication_toc,div.wh_topic_toc,div.wh_child_links,div.related_link,div.wh_copyright_information,a.sr-only-focusable,span.search_input_text" />
	<property name="webhelp.page.direction" value="ltr" />
	<property name="webhelp.pdf.link.name.destination.enabled" value="yes" />
	<property name="webhelp.publication.toc.hide.chunked.topics" value="yes" />
	<property name="webhelp.publication.toc.links" value="chapter" />
	<property name="webhelp.publication.toc.tooltip.position" value="right" />
	<property name="webhelp.publishing.template" value="/Users/robwill/repos/docs-dita-tools/dita-ot/plugins/com.oxygenxml.webhelp.responsive/templates/oxygen/oxygen-tiles.opt" />
	<property name="webhelp.reload.stylesheet" value="false" />
	<property name="webhelp.responsive.assets.dir" value="/Users/robwill/repos/docs-dita-tools/dita-ot/plugins/com.oxygenxml.webhelp.responsive/oxygen-webhelp" />
	<property name="webhelp.responsive.custom.template.skin.relpath" value="oxygen.css;notes.css" />
	<property name="webhelp.responsive.dir" value="/Users/robwill/repos/docs-dita-tools/dita-ot/plugins/com.oxygenxml.webhelp.responsive" />
	<property name="webhelp.responsive.parameters.file" value="/Users/robwill/repos/report-generator-doc/src/en/temp/sig-webhelp/props.xml" />
	<property name="webhelp.search.enable.pagination" value="true" />
	<property name="webhelp.search.index.elements.to.exclude" value="" />
	<property name="webhelp.search.page.numberOfItems" value="10" />
	<property name="webhelp.search.ranking" value="true" />
	<property name="webhelp.search.stop.words.exclude" value="" />
	<property name="webhelp.search.stop.words.include" value="" />
	<property name="webhelp.show.full.size.image" value="true" />
	<property name="webhelp.show.main.page.tiles" value="yes" />
	<property name="webhelp.show.main.page.toc" value="no" />
	<property name="webhelp.show.pdf.link" value="yes" />
	<property name="webhelp.show.topic.toc" value="yes" />
	<property name="webhelp.template.file.path" value="/Users/robwill/repos/docs-dita-tools/dita-ot/plugins/com.oxygenxml.webhelp.responsive/oxygen-webhelp/page-templates/wt_topic.html" />
	<property name="webhelp.template.index.file" value="/Users/robwill/repos/docs-dita-tools/dita-ot/plugins/com.oxygenxml.webhelp.responsive/oxygen-webhelp/page-templates/wt_index.html" />
	<property name="webhelp.template.index.terms.file" value="/Users/robwill/repos/docs-dita-tools/dita-ot/plugins/com.oxygenxml.webhelp.responsive/oxygen-webhelp/page-templates/wt_terms.html" />
	<property name="webhelp.template.search.file" value="/Users/robwill/repos/docs-dita-tools/dita-ot/plugins/com.oxygenxml.webhelp.responsive/oxygen-webhelp/page-templates/wt_search.html" />
	<property name="webhelp.top.menu.depth" value="3" />
	<property name="webhelp.top.menu.temp.file" value="/Users/robwill/repos/report-generator-doc/src/en/temp/sig-webhelp/webhelp-top-menu.xml" />
	<property name="webhelp.top.menu.temp.file.url" value="file:/Users/robwill/repos/report-generator-doc/src/en/temp/sig-webhelp/webhelp-top-menu.xml" />
	<property name="webhelp.topic.collapsible.elements.initial.state" value="expanded" />
	<property name="webhelp.version" value="24.1" />
	<property name="xml.parser" value="Xerces" />
	<property name="xsl.extensions.xml.catalog.file.path" value="/Users/robwill/repos/docs-dita-tools/dita-ot/plugins/com.oxygenxml.webhelp.responsive/xsl/template_catalog.xml" />
	<property name="xslt.parser" value="Saxon" />
</properties>
