<?xml version="1.0" encoding="UTF-8"?><toc xmlns:xhtml="http://www.w3.org/1999/xhtml" xmlns="http://www.oxygenxml.com/ns/webhelp/toc"><title><span xmlns="http://www.w3.org/1999/xhtml" class="booktitle">  <span class="ph mainbooktitle">Coverity on Polaris Reporting Platform Guide 2023.6.0</span>  </span></title><topicmeta>
        
        <othermeta class="- topic/othermeta " content="reporting-platform" name="bundle"></othermeta>
    </topicmeta><topic xmlns:toc="http://www.oxygenxml.com/ns/webhelp/toc" xtrf="file:/Users/robwill/repos/report-generator-doc/src/en/m_name.ditamap" xtrc="topichead:1;8:44" href="javascript:void(0)" format="dita" wh-toc-id="tocId-d547e28"><title>Name Change Notice</title><shortdesc><p xmlns="http://www.w3.org/1999/xhtml" class="shortdesc">This platform is renamed Coverity on Polaris. Unless otherwise specified, references to Polaris or Polaris Software Integrity Platform in this documentation are referring to Coverity on Polaris.</p></shortdesc><topicmeta><navtitle class="- topic/navtitle ">Name Change Notice</navtitle><shortdesc class="- map/shortdesc ">This platform is renamed Coverity on Polaris. Unless otherwise specified, references to Polaris or Polaris Software Integrity Platform in this documentation are referring to Coverity on Polaris.</shortdesc></topicmeta><topic xtrf="file:/Users/robwill/repos/report-generator-doc/src/en/m_name.ditamap" xtrc="topicref:1;13:45" href="topics/c_name.html" format="dita" data-id="concept_name" wh-toc-id="concept_name-d547e34"><title>Notice of Name Change</title><shortdesc><p xmlns="http://www.w3.org/1999/xhtml" class="shortdesc"></p></shortdesc><topicmeta><resourceid class="- topic/resourceid " oxy-source="topic" appid="concept_name"></resourceid><navtitle class="- topic/navtitle ">Notice of Name Change</navtitle><?ditaot gentext?><linktext class="- map/linktext ">Notice of Name Change</linktext><?ditaot genshortdesc?><shortdesc class="- map/shortdesc "></shortdesc></topicmeta></topic></topic><topic xmlns:toc="http://www.oxygenxml.com/ns/webhelp/toc" xtrf="file:/Users/robwill/repos/report-generator-doc/src/en/m_intro.ditamap" xtrc="topichead:1;8:44" href="javascript:void(0)" format="dita" wh-toc-id="tocId-d547e45"><title>Introduction</title><shortdesc><p xmlns="http://www.w3.org/1999/xhtml" class="shortdesc">Get familiar with the architecture, capabilities, and user interface of Coverity on Polaris Reporting Platform</p></shortdesc><topicmeta><navtitle class="- topic/navtitle ">Introduction</navtitle><shortdesc class="- map/shortdesc ">Get familiar with the architecture, capabilities, and user interface of Coverity on Polaris Reporting Platform</shortdesc></topicmeta><topic xtrf="file:/Users/robwill/repos/report-generator-doc/src/en/m_intro.ditamap" xtrc="topicref:1;13:52" href="topics/c_rp_welcome.html" format="dita" data-id="rp_welcome" wh-toc-id="rp_welcome-d547e51"><title><span xmlns="http://www.w3.org/1999/xhtml" class="keyword">Coverity on Polaris Reporting</span> Overview</title><shortdesc><p xmlns="http://www.w3.org/1999/xhtml" class="shortdesc"> Synopsys®      <span class="keyword">Coverity on Polaris Reporting Platform™</span> (<span class="keyword">Coverity on Polaris Reporting</span>) provides an aggregated view of an     application risk reported by various Synopsys security analysis tools.</p></shortdesc><topicmeta><resourceid class="- topic/resourceid " oxy-source="topic" appid="rp_welcome"></resourceid><navtitle class="- topic/navtitle "><keyword keyref="platformProdName" class="- topic/keyword ">Coverity on Polaris Reporting</keyword> Overview</navtitle><?ditaot gentext?><linktext class="- map/linktext ">Coverity on Polaris Reporting Overview</linktext><?ditaot genshortdesc?><shortdesc class="- map/shortdesc "> Synopsys<tm tmtype="reg" class="- topic/tm "></tm>      <keyword keyref="polarisProdName" class="- topic/keyword ">Coverity on Polaris Reporting Platform<tm class="- topic/tm " tmtype="tm"></tm></keyword> (<keyword keyref="platformProdName" class="- topic/keyword ">Coverity on Polaris Reporting</keyword>) provides an aggregated view of an     application risk reported by various Synopsys security analysis tools.</shortdesc></topicmeta></topic><topic xtrf="file:/Users/robwill/repos/report-generator-doc/src/en/m_intro.ditamap" xtrc="topicref:2;14:54" href="topics/c_rp_interface.html" format="dita" data-id="rp_interface" wh-toc-id="rp_interface-d547e73"><title><span xmlns="http://www.w3.org/1999/xhtml" class="keyword">Coverity on Polaris Reporting</span> Dashboard</title><shortdesc><p xmlns="http://www.w3.org/1999/xhtml" class="shortdesc">The dashboard is your entry point to the <span class="keyword">Coverity on Polaris Reporting</span> user interface.</p></shortdesc><topicmeta><resourceid class="- topic/resourceid " oxy-source="topic" appid="rp_interface"></resourceid><navtitle class="- topic/navtitle "><keyword keyref="platformProdName" class="- topic/keyword ">Coverity on Polaris Reporting</keyword> Dashboard</navtitle><?ditaot gentext?><linktext class="- map/linktext ">Coverity on Polaris Reporting Dashboard</linktext><?ditaot genshortdesc?><shortdesc class="- map/shortdesc ">The dashboard is your entry point to the <keyword keyref="platformProdName" class="- topic/keyword ">Coverity on Polaris Reporting</keyword> user interface.</shortdesc></topicmeta></topic></topic><topic xmlns:toc="http://www.oxygenxml.com/ns/webhelp/toc" xtrf="file:/Users/robwill/repos/report-generator-doc/src/en/m_user_guide.ditamap" xtrc="topichead:1;8:42" href="javascript:void(0)" format="dita" wh-toc-id="tocId-d547e91"><title>User Guide</title><shortdesc><p xmlns="http://www.w3.org/1999/xhtml" class="shortdesc">Review and explore application security issues reported by Synopsys analysis tools</p></shortdesc><topicmeta><navtitle class="- topic/navtitle ">User Guide</navtitle><shortdesc class="- map/shortdesc ">Review and explore application security issues reported by Synopsys analysis tools</shortdesc></topicmeta><topic xtrf="file:/Users/robwill/repos/report-generator-doc/src/en/m_user_guide.ditamap" xtrc="topicref:1;13:54" href="topics/c_rp_viewing_results.html" format="dita" data-id="rp_view_results" wh-toc-id="rp_view_results-d547e97"><title>Reviewing the Risk Portfolio</title><shortdesc><p xmlns="http://www.w3.org/1999/xhtml" class="shortdesc"> The <span class="ph uicontrol">Risk Portfolio</span> panel displays a list of the security issues   detected in each application that you've included in your report.</p></shortdesc><topicmeta><resourceid class="- topic/resourceid " oxy-source="topic" appid="rp_view_results"></resourceid><navtitle class="- topic/navtitle ">Reviewing the Risk Portfolio</navtitle><?ditaot gentext?><linktext class="- map/linktext ">Reviewing the Risk Portfolio</linktext><?ditaot genshortdesc?><shortdesc class="- map/shortdesc "> The <uicontrol class="+ topic/ph ui-d/uicontrol ">Risk Portfolio</uicontrol> panel displays a list of the security issues   detected in each application that you've included in your report.</shortdesc></topicmeta></topic><topic xtrf="file:/Users/robwill/repos/report-generator-doc/src/en/m_user_guide.ditamap" xtrc="topicref:2;14:54" href="topics/c_rp_report_details.html" format="dita" data-id="rp_report_details" wh-toc-id="rp_report_details-d547e111"><title>Exploring Application Reports</title><shortdesc><p xmlns="http://www.w3.org/1999/xhtml" class="shortdesc"> You can view and explore the reports generated by the analysis tools for any chosen   application.</p></shortdesc><topicmeta><resourceid class="- topic/resourceid " oxy-source="topic" appid="rp_report_details"></resourceid><navtitle class="- topic/navtitle ">Exploring Application Reports</navtitle><?ditaot gentext?><linktext class="- map/linktext ">Exploring Application Reports</linktext><?ditaot genshortdesc?><shortdesc class="- map/shortdesc "> You can view and explore the reports generated by the analysis tools for any chosen   application.</shortdesc></topicmeta><topic xtrf="file:/Users/robwill/repos/report-generator-doc/src/en/m_user_guide.ditamap" xtrc="topicref:3;15:59" href="topics/r_rp_sev_stat_mapping.html" format="dita" data-id="r_sev_stat_mapping" wh-toc-id="r_sev_stat_mapping-d547e122"><title>Mapping of Issue Severity and Status </title><shortdesc><p xmlns="http://www.w3.org/1999/xhtml" class="shortdesc">The severity levels and statuses of issues slightly differ between the analysis         tools. </p></shortdesc><topicmeta><resourceid class="- topic/resourceid " oxy-source="topic" appid="r_sev_stat_mapping"></resourceid><navtitle class="- topic/navtitle ">Mapping of Issue Severity and Status </navtitle><?ditaot gentext?><linktext class="- map/linktext ">Mapping of Issue Severity and Status</linktext><?ditaot genshortdesc?><shortdesc class="- map/shortdesc ">The severity levels and statuses of issues slightly differ between the analysis         tools. </shortdesc></topicmeta></topic><topic xtrf="file:/Users/robwill/repos/report-generator-doc/src/en/m_user_guide.ditamap" xtrc="topicref:4;16:66" href="topics/c_rp_report_details_severity.html" format="dita" data-id="rp_report_severities" wh-toc-id="rp_report_severities-d547e133"><title>Exploring Issues</title><shortdesc><p xmlns="http://www.w3.org/1999/xhtml" class="shortdesc"> You can view the overall issue statistics for a chosen application and explore the   detailed information on any issue.</p></shortdesc><topicmeta><resourceid class="- topic/resourceid " oxy-source="topic" appid="rp_report_severities"></resourceid><navtitle class="- topic/navtitle ">Exploring Issues</navtitle><?ditaot gentext?><linktext class="- map/linktext ">Exploring Issues</linktext><?ditaot genshortdesc?><shortdesc class="- map/shortdesc "> You can view the overall issue statistics for a chosen application and explore the   detailed information on any issue.</shortdesc></topicmeta></topic><topic xtrf="file:/Users/robwill/repos/report-generator-doc/src/en/m_user_guide.ditamap" xtrc="topicref:5;17:53" href="topics/t_export-issues.html" format="dita" data-id="filtered-export" wh-toc-id="filtered-export-d547e144"><title>Export issues after filtering</title><shortdesc><p xmlns="http://www.w3.org/1999/xhtml" class="shortdesc"> </p></shortdesc><topicmeta><resourceid class="- topic/resourceid " oxy-source="topic" appid="filtered-export"></resourceid><navtitle class="- topic/navtitle ">Export issues after filtering</navtitle><?ditaot gentext?><linktext class="- map/linktext ">Export issues after filtering</linktext><?ditaot genshortdesc?><shortdesc class="- map/shortdesc "> </shortdesc></topicmeta></topic><topic xtrf="file:/Users/robwill/repos/report-generator-doc/src/en/m_user_guide.ditamap" xtrc="topicref:6;18:68" href="topics/c_rp_report_details_categories.html" format="dita" data-id="rp_report_categories" wh-toc-id="rp_report_categories-d547e155"><title>Viewing Issues by Industry Recognized Priority Lists</title><shortdesc><p xmlns="http://www.w3.org/1999/xhtml" class="shortdesc"> You can group the issues in the bar chart by the industry recognized priority lists. </p></shortdesc><topicmeta><resourceid class="- topic/resourceid " oxy-source="topic" appid="rp_report_categories"></resourceid><navtitle class="- topic/navtitle ">Viewing Issues by Industry Recognized Priority Lists</navtitle><?ditaot gentext?><linktext class="- map/linktext ">Viewing Issues by Industry Recognized Priority Lists</linktext><?ditaot genshortdesc?><shortdesc class="- map/shortdesc "> You can group the issues in the bar chart by the industry recognized priority lists. </shortdesc></topicmeta></topic><topic xtrf="file:/Users/robwill/repos/report-generator-doc/src/en/m_user_guide.ditamap" xtrc="topicref:7;19:63" href="topics/c_rp_report_details_trend.html" format="dita" data-id="rp_report_tools_trends" wh-toc-id="rp_report_tools_trends-d547e166"><title>Viewing Issue Trends by Tools</title><shortdesc><p xmlns="http://www.w3.org/1999/xhtml" class="shortdesc">You can review a graph that plots the issue trends by tools for an application over a   specified time range.</p></shortdesc><topicmeta><resourceid class="- topic/resourceid " oxy-source="topic" appid="rp_report_tools_trends"></resourceid><navtitle class="- topic/navtitle ">Viewing Issue Trends by Tools</navtitle><?ditaot gentext?><linktext class="- map/linktext ">Viewing Issue Trends by Tools</linktext><?ditaot genshortdesc?><shortdesc class="- map/shortdesc ">You can review a graph that plots the issue trends by tools for an application over a   specified time range.</shortdesc></topicmeta></topic><topic xtrf="file:/Users/robwill/repos/report-generator-doc/src/en/m_user_guide.ditamap" xtrc="topicref:8;20:63" href="topics/c_rp_report_details_tools.html" format="dita" data-id="rp_report_by_tool" wh-toc-id="rp_report_by_tool-d547e177"><title>Viewing Issues by Tools</title><shortdesc><p xmlns="http://www.w3.org/1999/xhtml" class="shortdesc"> You can view a pie chart that shows the number of issues reported by each tool. </p></shortdesc><topicmeta><resourceid class="- topic/resourceid " oxy-source="topic" appid="rp_report_by_tool"></resourceid><navtitle class="- topic/navtitle ">Viewing Issues by Tools</navtitle><?ditaot gentext?><linktext class="- map/linktext ">Viewing Issues by Tools</linktext><?ditaot genshortdesc?><shortdesc class="- map/shortdesc "> You can view a pie chart that shows the number of issues reported by each tool. </shortdesc></topicmeta></topic><topic xtrf="file:/Users/robwill/repos/report-generator-doc/src/en/m_user_guide.ditamap" xtrc="topicref:9;21:49" href="topics/c_rp_reports.html" format="dita" data-id="c_rp_reports" wh-toc-id="c_rp_reports-d547e188"><title>Generating Reports</title><shortdesc><p xmlns="http://www.w3.org/1999/xhtml" class="shortdesc">You can generate various reports in PDF, CSV, and HTML formats depicting the current   risk status of a chosen application. </p></shortdesc><topicmeta><resourceid class="- topic/resourceid " oxy-source="topic" appid="c_rp_reports"></resourceid><navtitle class="- topic/navtitle ">Generating Reports</navtitle><?ditaot gentext?><linktext class="- map/linktext ">Generating Reports</linktext><?ditaot genshortdesc?><shortdesc class="- map/shortdesc ">You can generate various reports in PDF, CSV, and HTML formats depicting the current   risk status of a chosen application. </shortdesc></topicmeta><topic xtrf="file:/Users/robwill/repos/report-generator-doc/src/en/m_user_guide.ditamap" xtrc="topicref:10;22:65" href="topics/c_rp_custom_appriskreport.html" format="dita" data-id="c_rp_custom_appriskreport" wh-toc-id="c_rp_custom_appriskreport-d547e199"><title>Creating a Customized Report</title><shortdesc><p xmlns="http://www.w3.org/1999/xhtml" class="shortdesc">Configure and generate a customized application risk report.</p></shortdesc><topicmeta><resourceid class="- topic/resourceid " oxy-source="topic" appid="c_rp_custom_appriskreport"></resourceid><navtitle class="- topic/navtitle ">Creating a Customized Report</navtitle><?ditaot gentext?><linktext class="- map/linktext ">Creating a Customized Report</linktext><?ditaot genshortdesc?><shortdesc class="- map/shortdesc ">Configure and generate a customized application risk report.</shortdesc></topicmeta></topic></topic></topic></topic><topic xmlns:toc="http://www.oxygenxml.com/ns/webhelp/toc" xtrf="file:/Users/robwill/repos/report-generator-doc/src/en/m_admin.ditamap" xtrc="topichead:1;8:42" href="javascript:void(0)" format="dita" wh-toc-id="tocId-d547e211"><title>Administration Guide</title><shortdesc><p xmlns="http://www.w3.org/1999/xhtml" class="shortdesc">Perform administration and configuration tasks necessary for the optimal operation of Reporting Platform  </p></shortdesc><topicmeta><navtitle class="- topic/navtitle ">Administration Guide</navtitle><shortdesc class="- map/shortdesc ">Perform administration and configuration tasks necessary for the optimal operation of Reporting Platform  </shortdesc></topicmeta><topic xtrf="file:/Users/robwill/repos/report-generator-doc/src/en/m_admin.ditamap" xtrc="topicref:1;15:8" href="topics/c_rp_users.html" format="dita" data-id="rp_who_can_use" wh-toc-id="rp_who_can_use-d547e217"><title>Users and Roles</title><shortdesc><p xmlns="http://www.w3.org/1999/xhtml" class="shortdesc"><span class="keyword">Coverity on Polaris Reporting</span> implements role-based access (RBAC)  to its     features.</p></shortdesc><topicmeta><resourceid class="- topic/resourceid " oxy-source="topic" appid="rp_who_can_use"></resourceid><navtitle class="- topic/navtitle ">Users and Roles</navtitle><?ditaot gentext?><linktext class="- map/linktext ">Users and Roles</linktext><?ditaot genshortdesc?><shortdesc class="- map/shortdesc "><keyword keyref="platformProdName" class="- topic/keyword ">Coverity on Polaris Reporting</keyword> implements role-based access (RBAC)  to its     features.</shortdesc></topicmeta></topic><topic xtrf="file:/Users/robwill/repos/report-generator-doc/src/en/m_admin.ditamap" xtrc="topicref:2;20:51" href="topics/t_rp_setup_apps.html" format="dita" data-id="rp_setup_apps" wh-toc-id="rp_setup_apps-d547e230"><title>Setting Up Reporting Applications</title><shortdesc><p xmlns="http://www.w3.org/1999/xhtml" class="shortdesc">To consolidate the testing results of a real-life application or its component in     <span class="keyword">Coverity on Polaris Reporting</span>, set up a <a href="topics/g_reportapp.html" title="An application configured in Coverity on Polaris Reporting to consolidate the testing results of a real-life application or its component from various analysis tools."><dfn class="term">reporting application</dfn></a>.</p></shortdesc><topicmeta><resourceid class="- topic/resourceid " oxy-source="topic" appid="rp_setup_apps"></resourceid><navtitle class="- topic/navtitle ">Setting Up Reporting Applications</navtitle><?ditaot gentext?><linktext class="- map/linktext ">Setting Up Reporting Applications</linktext><?ditaot genshortdesc?><shortdesc class="- map/shortdesc ">To consolidate the testing results of a real-life application or its component in     <keyword keyref="platformProdName" class="- topic/keyword ">Coverity on Polaris Reporting</keyword>, set up a <term keyref="g_reportapp" class="- topic/term " href="topics/g_reportapp.dita">reporting     application</term>.</shortdesc></topicmeta><topic xtrf="file:/Users/robwill/repos/report-generator-doc/src/en/m_admin.ditamap" xtrc="topicref:3;21:76" href="topics/c_rp_agents.html" collection-type="sequence" format="dita" data-id="rp_setup_managing_agents" wh-toc-id="rp_setup_managing_agents-d547e247"><title>Managing Agents</title><shortdesc><p xmlns="http://www.w3.org/1999/xhtml" class="shortdesc">Create, configure, and manage reporting agents in the <strong class="ph b">Configuration</strong> panel. </p></shortdesc><topicmeta><resourceid class="- topic/resourceid " oxy-source="topic" appid="rp_setup_managing_agents"></resourceid><navtitle class="- topic/navtitle ">Managing Agents</navtitle><?ditaot gentext?><linktext class="- map/linktext ">Managing Agents</linktext><?ditaot genshortdesc?><shortdesc class="- map/shortdesc ">Create, configure, and manage reporting agents in the <b class="+ topic/ph hi-d/b ">Configuration</b> panel. </shortdesc></topicmeta><topic xtrf="file:/Users/robwill/repos/report-generator-doc/src/en/m_admin.ditamap" xtrc="topicref:4;22:57" href="topics/t_rp_agent_create.html" format="dita" data-id="task_rp_agent_create" wh-toc-id="task_rp_agent_create-d547e261"><title>Creating an Agent</title><shortdesc><p xmlns="http://www.w3.org/1999/xhtml" class="shortdesc">Create a reporting agent for a specific analysis tool.</p></shortdesc><topicmeta><resourceid class="- topic/resourceid " oxy-source="topic" appid="task_rp_agent_create"></resourceid><navtitle class="- topic/navtitle ">Creating an Agent</navtitle><?ditaot gentext?><linktext class="- map/linktext ">Creating an Agent</linktext><?ditaot genshortdesc?><shortdesc class="- map/shortdesc ">Create a reporting agent for a specific analysis tool.</shortdesc></topicmeta></topic><topic xtrf="file:/Users/robwill/repos/report-generator-doc/src/en/m_admin.ditamap" xtrc="topicref:5;23:59" href="topics/t_rp_agent_download.html" format="dita" data-id="task_rp_agent_download" wh-toc-id="task_rp_agent_download-d547e272"><title>Downloading an Agent</title><shortdesc><p xmlns="http://www.w3.org/1999/xhtml" class="shortdesc">To install or upgrade a reporting agent, download the agent files in a compressed     format.</p></shortdesc><topicmeta><resourceid class="- topic/resourceid " oxy-source="topic" appid="task_rp_agent_download"></resourceid><navtitle class="- topic/navtitle ">Downloading an Agent</navtitle><?ditaot gentext?><linktext class="- map/linktext ">Downloading an Agent</linktext><?ditaot genshortdesc?><shortdesc class="- map/shortdesc ">To install or upgrade a reporting agent, download the agent files in a compressed     format.</shortdesc></topicmeta></topic><topic xtrf="file:/Users/robwill/repos/report-generator-doc/src/en/m_admin.ditamap" xtrc="topicref:6;24:59" href="topics/t_rp_app_props_local.html" format="dita" data-id="t_rp_app_props_local" wh-toc-id="t_rp_app_props_local-d547e283"><title>Configuring an Agent </title><shortdesc><p xmlns="http://www.w3.org/1999/xhtml" class="shortdesc"> To configure a new agent, edit its properties in the       <span class="ph filepath">application.properties</span> configuration file.</p></shortdesc><topicmeta><resourceid class="- topic/resourceid " oxy-source="topic" appid="t_rp_app_props_local"></resourceid><navtitle class="- topic/navtitle ">Configuring an Agent </navtitle><?ditaot gentext?><linktext class="- map/linktext ">Configuring an Agent</linktext><?ditaot genshortdesc?><shortdesc class="- map/shortdesc "> To configure a new agent, edit its properties in the       <filepath class="+ topic/ph sw-d/filepath ">application.properties</filepath> configuration file.</shortdesc></topicmeta><topic xtrf="file:/Users/robwill/repos/report-generator-doc/src/en/m_admin.ditamap" xtrc="topicref:7;26:60" href="topics/r_rp_cfg_black_duck.html" format="dita" data-id="r_rp_cfg_black_duck" wh-toc-id="r_rp_cfg_black_duck-d547e297"><title>Configuring the Black Duck Tool</title><shortdesc><p xmlns="http://www.w3.org/1999/xhtml" class="shortdesc"> Configure the Black Duck-specific agent properties. </p></shortdesc><topicmeta><resourceid class="- topic/resourceid " oxy-source="topic" appid="r_rp_cfg_black_duck"></resourceid><navtitle class="- topic/navtitle ">Configuring the Black Duck Tool</navtitle><?ditaot gentext?><linktext class="- map/linktext ">Configuring the Black Duck Tool</linktext><?ditaot genshortdesc?><shortdesc class="- map/shortdesc "> Configure the Black Duck-specific agent properties. </shortdesc></topicmeta><topic xtrf="file:/Users/robwill/repos/report-generator-doc/src/en/m_admin.ditamap" xtrc="topicref:8;27:63" href="topics/t_rp_sslcert_dbconn.html" format="dita" data-id="t_rp_sslcert_dbconn" wh-toc-id="t_rp_sslcert_dbconn-d547e308"><title>Preparing SSL Certificates for Database Connection</title><shortdesc><p xmlns="http://www.w3.org/1999/xhtml" class="shortdesc">To enable an SSL connection to the Black Duck database, you need a number of     certificate files, including a user key.</p></shortdesc><topicmeta><resourceid class="- topic/resourceid " oxy-source="topic" appid="t_rp_sslcert_dbconn"></resourceid><navtitle class="- topic/navtitle ">Preparing SSL Certificates for Database Connection</navtitle><?ditaot gentext?><linktext class="- map/linktext ">Preparing SSL Certificates for Database Connection</linktext><?ditaot genshortdesc?><shortdesc class="- map/shortdesc ">To enable an SSL connection to the Black Duck database, you need a number of     certificate files, including a user key.</shortdesc></topicmeta></topic></topic><topic xtrf="file:/Users/robwill/repos/report-generator-doc/src/en/m_admin.ditamap" xtrc="topicref:9;29:54" href="topics/t_rp_cfg_msp.html" format="dita" data-id="t_rp_cfg_msp" wh-toc-id="t_rp_cfg_msp-d547e319"><title> Configuring the Managed Services Portal Tool </title><shortdesc><p xmlns="http://www.w3.org/1999/xhtml" class="shortdesc">Configure the Managed Services Portal-specific agent properties. </p></shortdesc><topicmeta><resourceid class="- topic/resourceid " oxy-source="topic" appid="t_rp_cfg_msp"></resourceid><navtitle class="- topic/navtitle "> Configuring the Managed Services Portal Tool </navtitle><?ditaot gentext?><linktext class="- map/linktext ">Configuring the Managed Services Portal Tool</linktext><?ditaot genshortdesc?><shortdesc class="- map/shortdesc ">Configure the Managed Services Portal-specific agent properties. </shortdesc></topicmeta></topic><topic xtrf="file:/Users/robwill/repos/report-generator-doc/src/en/m_admin.ditamap" xtrc="topicref:10;30:57" href="topics/t_rp_cfg_seeker.html" format="dita" data-id="t_rp_cfg_seeker" wh-toc-id="t_rp_cfg_seeker-d547e330"><title> Configuring the Seeker Tool </title><shortdesc><p xmlns="http://www.w3.org/1999/xhtml" class="shortdesc"> Configure the Seeker-specific agent properties. </p></shortdesc><topicmeta><resourceid class="- topic/resourceid " oxy-source="topic" appid="t_rp_cfg_seeker"></resourceid><navtitle class="- topic/navtitle "> Configuring the Seeker Tool </navtitle><?ditaot gentext?><linktext class="- map/linktext ">Configuring the Seeker Tool</linktext><?ditaot genshortdesc?><shortdesc class="- map/shortdesc "> Configure the Seeker-specific agent properties. </shortdesc></topicmeta></topic></topic><topic xtrf="file:/Users/robwill/repos/report-generator-doc/src/en/m_admin.ditamap" xtrc="topicref:11;32:58" href="topics/t_rp_agent_install.html" format="dita" data-id="task_rp_agent_install" wh-toc-id="task_rp_agent_install-d547e341"><title>Installing an Agent</title><shortdesc><p xmlns="http://www.w3.org/1999/xhtml" class="shortdesc"> Once you have configured the agent's <span class="ph filepath">application.properties</span> file,     install the agent. </p></shortdesc><topicmeta><resourceid class="- topic/resourceid " oxy-source="topic" appid="task_rp_agent_install"></resourceid><navtitle class="- topic/navtitle ">Installing an Agent</navtitle><?ditaot gentext?><linktext class="- map/linktext ">Installing an Agent</linktext><?ditaot genshortdesc?><shortdesc class="- map/shortdesc "> Once you have configured the agent's <filepath class="+ topic/ph sw-d/filepath ">application.properties</filepath> file,     install the agent. </shortdesc></topicmeta></topic><topic xtrf="file:/Users/robwill/repos/report-generator-doc/src/en/m_admin.ditamap" xtrc="topicref:12;33:59" href="topics/t_rp_agent_gentoken.html" format="dita" data-id="task_rp_agent_register" wh-toc-id="task_rp_agent_register-d547e355"><title>Generating an Access Token for an Agent</title><shortdesc><p xmlns="http://www.w3.org/1999/xhtml" class="shortdesc">To enable an agent to access the <span class="keyword">Coverity on Polaris Reporting</span> APIs, you need an access     token.</p></shortdesc><topicmeta><resourceid class="- topic/resourceid " oxy-source="topic" appid="task_rp_agent_register"></resourceid><navtitle class="- topic/navtitle ">Generating an Access Token for an Agent</navtitle><?ditaot gentext?><linktext class="- map/linktext ">Generating an Access Token for an Agent</linktext><?ditaot genshortdesc?><shortdesc class="- map/shortdesc ">To enable an agent to access the <keyword keyref="platformProdName" class="- topic/keyword ">Coverity on Polaris Reporting</keyword> APIs, you need an access     token.</shortdesc></topicmeta></topic><topic xtrf="file:/Users/robwill/repos/report-generator-doc/src/en/m_admin.ditamap" xtrc="topicref:13;34:59" href="topics/t_rp_maintain_agent.html" format="dita" data-id="t_rp_act_deact_del_agent" wh-toc-id="t_rp_act_deact_del_agent-d547e369"><title>Maintaining an Agent</title><shortdesc><p xmlns="http://www.w3.org/1999/xhtml" class="shortdesc">Perform the required maintenance tasks for an existing agent, such as     activating/deactivating, deleting, and downloading.</p></shortdesc><topicmeta><resourceid class="- topic/resourceid " oxy-source="topic" appid="t_rp_act_deact_del_agent"></resourceid><navtitle class="- topic/navtitle ">Maintaining an Agent</navtitle><?ditaot gentext?><linktext class="- map/linktext ">Maintaining an Agent</linktext><?ditaot genshortdesc?><shortdesc class="- map/shortdesc ">Perform the required maintenance tasks for an existing agent, such as     activating/deactivating, deleting, and downloading.</shortdesc></topicmeta></topic><topic xtrf="file:/Users/robwill/repos/report-generator-doc/src/en/m_admin.ditamap" xtrc="topicref:14;35:58" href="topics/t_rp_upgrade_agent.html" format="dita" data-id="t_rp_upgrade_agent" wh-toc-id="t_rp_upgrade_agent-d547e380"><title>Upgrading an Agent</title><shortdesc><p xmlns="http://www.w3.org/1999/xhtml" class="shortdesc">Each time an analysis tool is upgraded to a new version, the corresponding reporting         agent needs to be upgraded to the same version.</p></shortdesc><topicmeta><resourceid class="- topic/resourceid " oxy-source="topic" appid="t_rp_upgrade_agent"></resourceid><navtitle class="- topic/navtitle ">Upgrading an Agent</navtitle><?ditaot gentext?><linktext class="- map/linktext ">Upgrading an Agent</linktext><?ditaot genshortdesc?><shortdesc class="- map/shortdesc ">Each time an analysis tool is upgraded to a new version, the corresponding reporting         agent needs to be upgraded to the same version.</shortdesc></topicmeta></topic><topic xtrf="file:/Users/robwill/repos/report-generator-doc/src/en/m_admin.ditamap" xtrc="topicref:15;36:61" href="topics/r_rp_us_apis_pushdata.html" format="dita" data-id="r_rp_us_apis_pushdata" wh-toc-id="r_rp_us_apis_pushdata-d547e391"><title>Using APIs to Push Data to <span xmlns="http://www.w3.org/1999/xhtml" class="keyword">Coverity on Polaris Reporting</span></title><shortdesc><p xmlns="http://www.w3.org/1999/xhtml" class="shortdesc">Agents push data to the <span class="keyword">Coverity on Polaris Reporting</span> on a predefined schedule. If you need to         push data explicitly at any time, you can do this by calling the dedicated REST         APIs.</p></shortdesc><topicmeta><resourceid class="- topic/resourceid " oxy-source="topic" appid="r_rp_us_apis_pushdata"></resourceid><navtitle class="- topic/navtitle ">Using APIs to Push Data to <keyword keyref="platformProdName" class="- topic/keyword ">Coverity on Polaris Reporting</keyword></navtitle><?ditaot gentext?><linktext class="- map/linktext ">Using APIs to Push Data to Coverity on Polaris Reporting</linktext><?ditaot genshortdesc?><shortdesc class="- map/shortdesc ">Agents push data to the <keyword keyref="platformProdName" class="- topic/keyword ">Coverity on Polaris Reporting</keyword> on a predefined schedule. If you need to         push data explicitly at any time, you can do this by calling the dedicated REST         APIs.</shortdesc></topicmeta></topic></topic><topic xtrf="file:/Users/robwill/repos/report-generator-doc/src/en/m_admin.ditamap" xtrc="topicref:16;39:48" href="topics/c_rp_tools.html" format="dita" data-id="rp_setup_managing_apps" wh-toc-id="rp_setup_managing_apps-d547e407"><title>Managing Reporting Applications</title><shortdesc><p xmlns="http://www.w3.org/1999/xhtml" class="shortdesc">A reporting application sets up a collection of analyses by combining instances of     Synopsys analysis tools. </p></shortdesc><topicmeta><resourceid class="- topic/resourceid " oxy-source="topic" appid="rp_setup_managing_apps"></resourceid><navtitle class="- topic/navtitle ">Managing Reporting Applications</navtitle><?ditaot gentext?><linktext class="- map/linktext ">Managing Reporting Applications</linktext><?ditaot genshortdesc?><shortdesc class="- map/shortdesc ">A reporting application sets up a collection of analyses by combining instances of     Synopsys analysis tools. </shortdesc></topicmeta><topic xtrf="file:/Users/robwill/repos/report-generator-doc/src/en/m_admin.ditamap" xtrc="topicref:17;40:55" href="topics/t_rp_app_create.html" format="dita" data-id="task_rp_create_configure_app" wh-toc-id="task_rp_create_configure_app-d547e418"><title>Creating and Configuring an Application</title><shortdesc><p xmlns="http://www.w3.org/1999/xhtml" class="shortdesc">Use the <strong class="ph b">Risk Portfolio</strong> panel to create an application.</p></shortdesc><topicmeta><resourceid class="- topic/resourceid " oxy-source="topic" appid="task_rp_create_configure_app"></resourceid><navtitle class="- topic/navtitle ">Creating and Configuring an Application</navtitle><?ditaot gentext?><linktext class="- map/linktext ">Creating and Configuring an Application</linktext><?ditaot genshortdesc?><shortdesc class="- map/shortdesc ">Use the <b class="+ topic/ph hi-d/b ">Risk Portfolio</b> panel to create an application.</shortdesc></topicmeta><topic xtrf="file:/Users/robwill/repos/report-generator-doc/src/en/m_admin.ditamap" xtrc="topicref:18;41:66" href="topics/t_rp_app_create_by_name.html" format="dita" data-id="task_rp_create_app_by_tool_name" wh-toc-id="task_rp_create_app_by_tool_name-d547e432"><title>Creating an Application by Tool Name</title><shortdesc><p xmlns="http://www.w3.org/1999/xhtml" class="shortdesc"> Create an application by selecting agents and projects available for one or more     analysis tools.</p></shortdesc><topicmeta><resourceid class="- topic/resourceid " oxy-source="topic" appid="task_rp_create_app_by_tool_name"></resourceid><navtitle class="- topic/navtitle ">Creating an Application by Tool Name</navtitle><?ditaot gentext?><linktext class="- map/linktext ">Creating an Application by Tool Name</linktext><?ditaot genshortdesc?><shortdesc class="- map/shortdesc "> Create an application by selecting agents and projects available for one or more     analysis tools.</shortdesc></topicmeta></topic><topic xtrf="file:/Users/robwill/repos/report-generator-doc/src/en/m_admin.ditamap" xtrc="topicref:19;42:68" href="topics/t_rp_app_create_by_search.html" format="dita" data-id="task_rp_create_app_by_search" wh-toc-id="task_rp_create_app_by_search-d547e443"><title>Creating an Application by Search</title><shortdesc><p xmlns="http://www.w3.org/1999/xhtml" class="shortdesc"> When you search for a tool, you can use a string to find instance names or other     related information. </p></shortdesc><topicmeta><resourceid class="- topic/resourceid " oxy-source="topic" appid="task_rp_create_app_by_search"></resourceid><navtitle class="- topic/navtitle ">Creating an Application by Search</navtitle><?ditaot gentext?><linktext class="- map/linktext ">Creating an Application by Search</linktext><?ditaot genshortdesc?><shortdesc class="- map/shortdesc "> When you search for a tool, you can use a string to find instance names or other     related information. </shortdesc></topicmeta></topic><topic xtrf="file:/Users/robwill/repos/report-generator-doc/src/en/m_admin.ditamap" xtrc="topicref:20;43:61" href="topics/t_rp_app_configure.html" format="dita" data-id="task_rp_configure_app" wh-toc-id="task_rp_configure_app-d547e454"><title>Configuring Application Risk Profile</title><shortdesc><p xmlns="http://www.w3.org/1999/xhtml" class="shortdesc"> Configure your application risk profile by setting severity levels for issues,     assigning tool weights, and customizing the risk profile scale. These settings determine how       <span class="keyword">Coverity on Polaris Reporting</span> calculates and displays your application's risk     profile.</p></shortdesc><topicmeta><resourceid class="- topic/resourceid " oxy-source="topic" appid="task_rp_configure_app"></resourceid><navtitle class="- topic/navtitle ">Configuring Application Risk Profile</navtitle><?ditaot gentext?><linktext class="- map/linktext ">Configuring Application Risk Profile</linktext><?ditaot genshortdesc?><shortdesc class="- map/shortdesc "> Configure your application risk profile by setting severity levels for issues,     assigning tool weights, and customizing the risk profile scale. These settings determine how       <keyword keyref="platformProdName" class="- topic/keyword ">Coverity on Polaris Reporting</keyword> calculates and displays your application's risk     profile.</shortdesc></topicmeta></topic></topic><topic xtrf="file:/Users/robwill/repos/report-generator-doc/src/en/m_admin.ditamap" xtrc="topicref:21;45:59" href="topics/t_rp_mng_appmembers.html" format="dita" data-id="t_rp_mng_appmembers" wh-toc-id="t_rp_mng_appmembers-d547e468"><title>Managing Application Members</title><shortdesc><p xmlns="http://www.w3.org/1999/xhtml" class="shortdesc">Manage a list of application members.</p></shortdesc><topicmeta><resourceid class="- topic/resourceid " oxy-source="topic" appid="t_rp_mng_appmembers"></resourceid><navtitle class="- topic/navtitle ">Managing Application Members</navtitle><?ditaot gentext?><linktext class="- map/linktext ">Managing Application Members</linktext><?ditaot genshortdesc?><shortdesc class="- map/shortdesc ">Manage a list of application members.</shortdesc></topicmeta></topic><topic xtrf="file:/Users/robwill/repos/report-generator-doc/src/en/m_admin.ditamap" xtrc="topicref:22;46:60" href="topics/t_rp_app_edit_props.html" format="dita" data-id="task_rp_app_update" wh-toc-id="task_rp_app_update-d547e479"><title>Updating an Application</title><shortdesc><p xmlns="http://www.w3.org/1999/xhtml" class="shortdesc">Once you've created an application, you can update the tools that are configured for     this application.</p></shortdesc><topicmeta><resourceid class="- topic/resourceid " oxy-source="topic" appid="task_rp_app_update"></resourceid><navtitle class="- topic/navtitle ">Updating an Application</navtitle><?ditaot gentext?><linktext class="- map/linktext ">Updating an Application</linktext><?ditaot genshortdesc?><shortdesc class="- map/shortdesc ">Once you've created an application, you can update the tools that are configured for     this application.</shortdesc></topicmeta></topic><topic xtrf="file:/Users/robwill/repos/report-generator-doc/src/en/m_admin.ditamap" xtrc="topicref:23;47:56" href="topics/t_rp_app_remove.html" format="dita" data-id="task_rp_app_remove" wh-toc-id="task_rp_app_remove-d547e490"><title>Deleting an Application</title><shortdesc><p xmlns="http://www.w3.org/1999/xhtml" class="shortdesc">When an application is no longer needed, you can delete it.</p></shortdesc><topicmeta><resourceid class="- topic/resourceid " oxy-source="topic" appid="task_rp_app_remove"></resourceid><navtitle class="- topic/navtitle ">Deleting an Application</navtitle><?ditaot gentext?><linktext class="- map/linktext ">Deleting an Application</linktext><?ditaot genshortdesc?><shortdesc class="- map/shortdesc ">When an application is no longer needed, you can delete it.</shortdesc></topicmeta></topic></topic></topic><topic xtrf="file:/Users/robwill/repos/report-generator-doc/src/en/m_admin.ditamap" xtrc="topicref:24;53:45" href="topics/t_rp_apis.html" format="dita" data-id="t_rp_apis" wh-toc-id="t_rp_apis-d547e501"><title>Using <span xmlns="http://www.w3.org/1999/xhtml" class="keyword">Coverity on Polaris Reporting</span> APIs</title><shortdesc><p xmlns="http://www.w3.org/1999/xhtml" class="shortdesc"><span class="keyword">Coverity on Polaris Reporting</span> provides a set of REST APIs that you can use to automate certain         administration tasks.</p></shortdesc><topicmeta><resourceid class="- topic/resourceid " oxy-source="topic" appid="t_rp_apis"></resourceid><navtitle class="- topic/navtitle ">Using <keyword keyref="platformProdName" class="- topic/keyword ">Coverity on Polaris Reporting</keyword> APIs</navtitle><?ditaot gentext?><linktext class="- map/linktext ">Using Coverity on Polaris Reporting APIs</linktext><?ditaot genshortdesc?><shortdesc class="- map/shortdesc "><keyword keyref="platformProdName" class="- topic/keyword ">Coverity on Polaris Reporting</keyword> provides a set of REST APIs that you can use to automate certain         administration tasks.</shortdesc></topicmeta></topic></topic><topic xmlns:toc="http://www.oxygenxml.com/ns/webhelp/toc" xtrf="file:/Users/robwill/repos/report-generator-doc/src/en/m_relnotes.ditamap" xtrc="topichead:1;5:16" href="javascript:void(0)" wh-toc-id="tocId-d547e518"><title>Release Notes</title><shortdesc><p xmlns="http://www.w3.org/1999/xhtml" class="shortdesc">New and enhanced features introduced in each release.</p></shortdesc><topicmeta><navtitle class="- topic/navtitle ">Release Notes</navtitle><shortdesc class="- map/shortdesc ">New and enhanced features introduced in each release.</shortdesc></topicmeta><topic xtrf="file:/Users/robwill/repos/report-generator-doc/src/en/m_relnotes.ditamap" xtrc="topicref:1;10:50" href="topics/c_relnotes.html" data-id="c_relnotes" wh-toc-id="c_relnotes-d547e524"><title>Release Notes</title><shortdesc><p xmlns="http://www.w3.org/1999/xhtml" class="shortdesc">What's new in Coverity on Polaris Reporting Platform releases.</p></shortdesc><topicmeta><resourceid class="- topic/resourceid " oxy-source="topic" appid="c_relnotes"></resourceid><navtitle class="- topic/navtitle ">Release Notes</navtitle><?ditaot gentext?><linktext class="- map/linktext ">Release Notes</linktext><?ditaot genshortdesc?><shortdesc class="- map/shortdesc ">What's new in Coverity on Polaris Reporting Platform releases.</shortdesc></topicmeta></topic></topic><topic xmlns:toc="http://www.oxygenxml.com/ns/webhelp/toc" xtrf="file:/Users/robwill/repos/report-generator-doc/src/en/m_glossary.ditamap" xtrc="topichead:1;8:48" href="javascript:void(0)" collection-type="unordered" format="dita" wh-toc-id="tocId-d547e536"><title>Glossary</title><shortdesc><p xmlns="http://www.w3.org/1999/xhtml" class="shortdesc">A glossary of the Reporting Platform terms and concepts</p></shortdesc><topicmeta><navtitle class="- topic/navtitle ">Glossary</navtitle><shortdesc class="- map/shortdesc ">A glossary of the Reporting Platform terms and concepts</shortdesc></topicmeta><topic xtrf="file:/Users/robwill/repos/report-generator-doc/src/en/m_glossary.ditamap" xtrc="topicref:1;13:76" href="topics/g_analysistool.html" format="dita" data-id="g_analysistool" wh-toc-id="g_analysistool-d547e542"><title>Analysis tool</title><topicmeta><resourceid class="- topic/resourceid " oxy-source="topic" appid="g_analysistool"></resourceid><navtitle class="- topic/navtitle ">Analysis tool</navtitle><?ditaot gentext?><linktext class="- map/linktext ">Analysis tool</linktext></topicmeta></topic><topic xtrf="file:/Users/robwill/repos/report-generator-doc/src/en/m_glossary.ditamap" xtrc="topicref:2;14:62" href="topics/g_issue.html" format="dita" data-id="g_issue" wh-toc-id="g_issue-d547e550"><title>Issue</title><topicmeta><resourceid class="- topic/resourceid " oxy-source="topic" appid="g_issue"></resourceid><navtitle class="- topic/navtitle ">Issue</navtitle><?ditaot gentext?><linktext class="- map/linktext ">Issue</linktext></topicmeta></topic><topic xtrf="file:/Users/robwill/repos/report-generator-doc/src/en/m_glossary.ditamap" xtrc="topicref:3;15:66" href="topics/g_project.html" format="dita" data-id="g_project" wh-toc-id="g_project-d547e558"><title>Project</title><topicmeta><resourceid class="- topic/resourceid " oxy-source="topic" appid="g_project"></resourceid><navtitle class="- topic/navtitle ">Project</navtitle><?ditaot gentext?><linktext class="- map/linktext ">Project</linktext></topicmeta></topic><topic xtrf="file:/Users/robwill/repos/report-generator-doc/src/en/m_glossary.ditamap" xtrc="topicref:4;16:64" href="topics/g_report.html" format="dita" data-id="g_report" wh-toc-id="g_report-d547e566"><title>Report</title><topicmeta><resourceid class="- topic/resourceid " oxy-source="topic" appid="g_report"></resourceid><navtitle class="- topic/navtitle ">Report</navtitle><?ditaot gentext?><linktext class="- map/linktext ">Report</linktext></topicmeta></topic><topic xtrf="file:/Users/robwill/repos/report-generator-doc/src/en/m_glossary.ditamap" xtrc="topicref:5;17:74" href="topics/g_reportagent.html" format="dita" data-id="g_reportagent" wh-toc-id="g_reportagent-d547e574"><title>Reporting agent</title><topicmeta><resourceid class="- topic/resourceid " oxy-source="topic" appid="g_reportagent"></resourceid><navtitle class="- topic/navtitle ">Reporting agent</navtitle><?ditaot gentext?><linktext class="- map/linktext ">Reporting agent</linktext></topicmeta></topic><topic xtrf="file:/Users/robwill/repos/report-generator-doc/src/en/m_glossary.ditamap" xtrc="topicref:6;18:70" href="topics/g_reportapp.html" format="dita" data-id="g_reportapp" wh-toc-id="g_reportapp-d547e582"><title>Reporting application</title><topicmeta><resourceid class="- topic/resourceid " oxy-source="topic" appid="g_reportapp"></resourceid><navtitle class="- topic/navtitle ">Reporting application</navtitle><?ditaot gentext?><linktext class="- map/linktext ">Reporting application</linktext></topicmeta></topic><topic xtrf="file:/Users/robwill/repos/report-generator-doc/src/en/m_glossary.ditamap" xtrc="topicref:7;19:88" href="topics/g_reporting_platform.html" format="dita" data-id="g_reporting_platform" wh-toc-id="g_reporting_platform-d547e590"><title><span xmlns="http://www.w3.org/1999/xhtml" class="keyword">Coverity on Polaris Reporting</span></title><topicmeta><resourceid class="- topic/resourceid " oxy-source="topic" appid="g_reporting_platform"></resourceid><navtitle class="- topic/navtitle "><keyword keyref="platformProdName" class="- topic/keyword ">Coverity on Polaris Reporting</keyword></navtitle><?ditaot gentext?><linktext class="- map/linktext ">Coverity on Polaris Reporting</linktext></topicmeta></topic><topic xtrf="file:/Users/robwill/repos/report-generator-doc/src/en/m_glossary.ditamap" xtrc="topicref:8;20:76" href="topics/g_risk_profile.html" format="dita" data-id="g_risk_profile" wh-toc-id="g_risk_profile-d547e599"><title>Risk profile</title><topicmeta><resourceid class="- topic/resourceid " oxy-source="topic" appid="g_risk_profile"></resourceid><navtitle class="- topic/navtitle ">Risk profile</navtitle><?ditaot gentext?><linktext class="- map/linktext ">Risk profile</linktext></topicmeta></topic><topic xtrf="file:/Users/robwill/repos/report-generator-doc/src/en/m_glossary.ditamap" xtrc="topicref:9;21:80" href="topics/g_risk_portfolio.html" format="dita" data-id="g_risk_portfolio" wh-toc-id="g_risk_portfolio-d547e607"><title>Risk portfolio</title><topicmeta><resourceid class="- topic/resourceid " oxy-source="topic" appid="g_risk_portfolio"></resourceid><navtitle class="- topic/navtitle ">Risk portfolio</navtitle><?ditaot gentext?><linktext class="- map/linktext ">Risk portfolio</linktext></topicmeta></topic></topic></toc>