<ul xmlns="http://www.w3.org/1999/xhtml" role="menubar" aria-label="Menu"><li role="menuitem" aria-haspopup="true" aria-expanded="false" class="has-children"><span id="tocId-d547e28-mi" data-tocid="tocId-d547e28" data-state="not-ready" class=" topicref "><span class="title"><a href="topics/c_name.html">Name Change Notice</a></span></span></li><li role="menuitem" aria-haspopup="true" aria-expanded="false" class="has-children"><span id="tocId-d547e45-mi" data-tocid="tocId-d547e45" data-state="not-ready" class=" topicref "><span class="title"><a href="topics/c_rp_welcome.html">Introduction</a></span></span></li><li role="menuitem" aria-haspopup="true" aria-expanded="false" class="has-children"><span id="tocId-d547e91-mi" data-tocid="tocId-d547e91" data-state="not-ready" class=" topicref "><span class="title"><a href="topics/c_rp_viewing_results.html">User Guide</a></span></span></li><li role="menuitem" aria-haspopup="true" aria-expanded="false" class="has-children"><span id="tocId-d547e211-mi" data-tocid="tocId-d547e211" data-state="not-ready" class=" topicref "><span class="title"><a href="topics/c_rp_users.html">Administration Guide</a></span></span></li><li role="menuitem" aria-haspopup="true" aria-expanded="false" class="has-children"><span id="tocId-d547e518-mi" data-tocid="tocId-d547e518" data-state="not-ready" class=" topicref "><span class="title"><a href="topics/c_relnotes.html">Release Notes</a></span></span></li><li role="menuitem" aria-haspopup="true" aria-expanded="false" class="has-children"><span id="tocId-d547e536-mi" data-tocid="tocId-d547e536" data-state="not-ready" class=" topicref "><span class="title"><a href="topics/g_analysistool.html">Glossary</a></span></span></li></ul>