<?xml version="1.0" encoding="UTF-8" standalone="yes"?>
<project basedir="/Users/robwill/repos/docs-dita-tools/dita-ot/plugins/com.oxygenxml.webhelp.responsive/templates/oxygen" name="Copy template resources" default="copy-template-resources">
    <target name="copy-template-resources">
        <mkdir dir="/Users/robwill/repos/report-generator-doc/src/en/out/sig-webhelp/oxygen-webhelp/template"/>
        <copy todir="/Users/robwill/repos/report-generator-doc/src/en/out/sig-webhelp/oxygen-webhelp/template" overwrite="yes" failonerror="yes" verbose="yes">
            <fileset dir=".">
                <include name="oxygen.css"/>
            </fileset>
            <fileset dir=".">
                <include name="notes.css"/>
            </fileset>
            <fileset dir=".">
                <include name="resources/**/*"/>
                <exclude name="resources/**/*.svn"/>
                <exclude name="resources/**/*.git"/>
            </fileset>
        </copy>
    </target>
</project>
