<?xml version="1.0"?>
<?mso-application progid="Excel.Sheet"?>
<Workbook xmlns="urn:schemas-microsoft-com:office:spreadsheet"
 xmlns:o="urn:schemas-microsoft-com:office:office"
 xmlns:x="urn:schemas-microsoft-com:office:excel"
 xmlns:ss="urn:schemas-microsoft-com:office:spreadsheet"
 xmlns:html="http://www.w3.org/TR/REC-html40">
 <DocumentProperties xmlns="urn:schemas-microsoft-com:office:office">
  <Author>mark</Author>
  <LastAuthor>Microsoft Office User</LastAuthor>
  <Created>2021-03-18T05:43:42Z</Created>
  <LastSaved>2022-10-24T21:36:47Z</LastSaved>
  <Version>16.00</Version>
 </DocumentProperties>
 <OfficeDocumentSettings xmlns="urn:schemas-microsoft-com:office:office">
  <AllowPNG/>
 </OfficeDocumentSettings>
 <ExcelWorkbook xmlns="urn:schemas-microsoft-com:office:excel">
  <WindowHeight>13320</WindowHeight>
  <WindowWidth>22840</WindowWidth>
  <WindowTopX>100</WindowTopX>
  <WindowTopY>500</WindowTopY>
  <ProtectStructure>False</ProtectStructure>
  <ProtectWindows>False</ProtectWindows>
 </ExcelWorkbook>
 <Styles>
  <Style ss:ID="Default" ss:Name="Normal">
   <Alignment ss:Vertical="Bottom"/>
   <Borders/>
   <Font ss:FontName="Calibri" x:Family="Swiss" ss:Size="11" ss:Color="#000000"/>
   <Interior/>
   <NumberFormat/>
   <Protection/>
  </Style>
 </Styles>
 <Worksheet ss:Name="Sheet1">
  <Table ss:ExpandedColumnCount="6" ss:ExpandedRowCount="4" x:FullColumns="1"
   x:FullRows="1" ss:DefaultColumnWidth="65" ss:DefaultRowHeight="15">
   <Column ss:Index="3" ss:AutoFitWidth="0" ss:Width="164"/>
   <Column ss:AutoFitWidth="0" ss:Width="89"/>
   <Column ss:AutoFitWidth="0" ss:Width="98"/>
   <Column ss:AutoFitWidth="0" ss:Width="71"/>
   <Row ss:AutoFitHeight="0">
    <Cell><Data ss:Type="String">Filename</Data></Cell>
    <Cell><Data ss:Type="String">Title</Data></Cell>
    <Cell><Data ss:Type="String">Product</Data></Cell>
    <Cell><Data ss:Type="String">Role</Data></Cell>
    <Cell><Data ss:Type="String">Document Type</Data></Cell>
   </Row>
   <Row ss:AutoFitHeight="0">
    <Cell><Data ss:Type="String">MAP</Data></Cell>
    <Cell ss:Index="3"><Data ss:Type="String">reportingplatform;cov_polaris</Data></Cell>
    <Cell><Data ss:Type="String">role_developer</Data></Cell>
    <Cell><Data ss:Type="String">doctype_userguide</Data></Cell>
   </Row>
   <Row ss:AutoFitHeight="0">
    <Cell><Data ss:Type="String">apply-ALL</Data></Cell>
    <Cell ss:Index="3"><Data ss:Type="String">reportingplatform;cov_polaris</Data></Cell>
    <Cell><Data ss:Type="String">role_developer</Data></Cell>
    <Cell><Data ss:Type="String">doctype_userguide</Data></Cell>
   </Row>
   <Row ss:AutoFitHeight="0">
    <Cell><Data ss:Type="String">default</Data></Cell>
   </Row>
  </Table>
  <WorksheetOptions xmlns="urn:schemas-microsoft-com:office:excel">
   <PageSetup>
    <Header x:Margin="0.3"/>
    <Footer x:Margin="0.3"/>
    <PageMargins x:Bottom="0.75" x:Left="0.7" x:Right="0.7" x:Top="0.75"/>
   </PageSetup>
   <Unsynced/>
   <Selected/>
   <Panes>
    <Pane>
     <Number>3</Number>
     <ActiveRow>4</ActiveRow>
     <ActiveCol>2</ActiveCol>
    </Pane>
   </Panes>
   <ProtectObjects>False</ProtectObjects>
   <ProtectScenarios>False</ProtectScenarios>
  </WorksheetOptions>
 </Worksheet>
</Workbook>
